MGNT,D,20180907,000000,4067.0000000,4073.0000000,4009.0000000,4049.0000000,311239
MGNT,D,20180910,000000,4055.0000000,4077.0000000,3993.0000000,4040.0000000,250328
MGNT,D,20180911,000000,4036.0000000,4047.0000000,3990.0000000,4018.0000000,215088
MGNT,D,20180912,000000,4022.0000000,4095.0000000,4020.0000000,4095.0000000,200103
MGNT,D,20180913,000000,4102.0000000,4160.0000000,4058.0000000,4070.0000000,299147
MGNT,D,20180914,000000,4087.0000000,4169.0000000,4048.0000000,4163.0000000,256247
MGNT,D,20180917,000000,4180.0000000,4224.0000000,4165.0000000,4185.0000000,334929
MGNT,D,20180918,000000,4197.0000000,4275.0000000,4189.0000000,4196.0000000,364396
MGNT,D,20180919,000000,4214.0000000,4275.0000000,4210.0000000,4258.0000000,309025
MGNT,D,20180920,000000,4270.0000000,4275.0000000,4182.0000000,4200.0000000,477507
MGNT,D,20180921,000000,4197.0000000,4227.0000000,4141.0000000,4190.0000000,390132
MGNT,D,20180924,000000,4190.0000000,4215.0000000,4096.0000000,4141.0000000,223308
MGNT,D,20180925,000000,4156.0000000,4195.0000000,4130.0000000,4185.0000000,247786
MGNT,D,20180926,000000,4198.0000000,4230.0000000,3992.0000000,3992.0000000,653871
MGNT,D,20180927,000000,4000.0000000,4025.0000000,3750.0000000,3840.0000000,1563423
MGNT,D,20180928,000000,3839.0000000,3867.0000000,3710.0000000,3835.0000000,504508
MGNT,D,20181001,000000,3853.0000000,3942.0000000,3757.0000000,3825.0000000,775851
MGNT,D,20181002,000000,3834.0000000,3846.0000000,3775.0000000,3840.0000000,309263
MGNT,D,20181003,000000,3840.0000000,3876.0000000,3810.0000000,3852.0000000,263481
MGNT,D,20181004,000000,3850.0000000,3869.0000000,3793.0000000,3840.0000000,334926
MGNT,D,20181005,000000,3861.0000000,3913.0000000,3789.0000000,3830.0000000,427443
MGNT,D,20181008,000000,3825.0000000,3848.0000000,3765.0000000,3771.0000000,343660
MGNT,D,20181009,000000,3782.0000000,3799.0000000,3581.0000000,3582.0000000,715738
MGNT,D,20181010,000000,3585.0000000,3603.0000000,3455.0000000,3490.0000000,796990
MGNT,D,20181011,000000,3438.0000000,3475.0000000,3350.0000000,3440.0000000,914145
MGNT,D,20181012,000000,3465.0000000,3565.0000000,3465.0000000,3490.0000000,711719
MGNT,D,20181015,000000,3500.0000000,3579.0000000,3460.0000000,3560.0000000,518201
MGNT,D,20181016,000000,3566.0000000,3612.0000000,3521.0000000,3540.0000000,543699
MGNT,D,20181017,000000,3559.0000000,3618.0000000,3541.0000000,3581.0000000,467911
MGNT,D,20181018,000000,3589.0000000,3640.0000000,3546.0000000,3588.0000000,383206
MGNT,D,20181019,000000,3600.0000000,3610.0000000,3562.0000000,3580.0000000,437207
MGNT,D,20181022,000000,3594.0000000,3648.0000000,3481.0000000,3487.0000000,377059
MGNT,D,20181023,000000,3470.0000000,3477.0000000,3291.0000000,3465.0000000,694061
MGNT,D,20181024,000000,3494.0000000,3544.0000000,3461.0000000,3461.0000000,327830
MGNT,D,20181025,000000,3444.0000000,3520.0000000,3431.0000000,3515.0000000,313396
MGNT,D,20181026,000000,3503.0000000,3514.0000000,3417.0000000,3461.0000000,295135
MGNT,D,20181029,000000,3499.0000000,3551.0000000,3434.0000000,3541.0000000,346576
MGNT,D,20181030,000000,3537.0000000,3634.0000000,3523.0000000,3606.0000000,509239
MGNT,D,20181031,000000,3625.0000000,3672.0000000,3590.0000000,3590.0000000,323043
MGNT,D,20181101,000000,3625.0000000,3648.0000000,3603.5000000,3640.0000000,409391
MGNT,D,20181102,000000,3646.0000000,3696.0000000,3625.5000000,3660.0000000,393714
MGNT,D,20181106,000000,3702.0000000,3740.0000000,3685.0000000,3695.0000000,348577
MGNT,D,20181107,000000,3710.0000000,3727.5000000,3665.5000000,3720.0000000,361377
MGNT,D,20181108,000000,3757.0000000,3757.0000000,3716.5000000,3735.0000000,302855
MGNT,D,20181109,000000,3720.5000000,3734.5000000,3680.0000000,3700.0000000,321177
MGNT,D,20181112,000000,3729.0000000,3739.5000000,3656.0000000,3656.0000000,207823
MGNT,D,20181113,000000,3684.0000000,3684.0000000,3615.0000000,3629.5000000,186358
MGNT,D,20181114,000000,3625.0000000,3629.5000000,3512.0000000,3549.0000000,352409
MGNT,D,20181115,000000,3560.5000000,3569.0000000,3535.0000000,3543.5000000,233312
MGNT,D,20181116,000000,3559.5000000,3560.0000000,3472.5000000,3478.0000000,321211
MGNT,D,20181119,000000,3496.0000000,3508.5000000,3468.0000000,3500.0000000,156863
MGNT,D,20181120,000000,3492.0000000,3524.5000000,3441.0000000,3454.5000000,184254
MGNT,D,20181121,000000,3474.0000000,3509.0000000,3441.5000000,3496.0000000,258883
MGNT,D,20181122,000000,3511.5000000,3514.5000000,3464.0000000,3493.0000000,195828
MGNT,D,20181123,000000,3499.0000000,3504.0000000,3454.0000000,3461.0000000,143143
MGNT,D,20181126,000000,3464.0000000,3503.0000000,3388.0000000,3490.0000000,330537
MGNT,D,20181127,000000,3490.0000000,3508.5000000,3455.5000000,3500.0000000,238947
MGNT,D,20181128,000000,3500.0000000,3515.0000000,3479.0000000,3500.0000000,356408
MGNT,D,20181129,000000,3512.0000000,3541.0000000,3494.5000000,3500.0000000,280324
MGNT,D,20181130,000000,3498.5000000,3518.5000000,3487.0000000,3500.0000000,237843
MGNT,D,20181203,000000,3509.0000000,3522.0000000,3491.0000000,3500.0000000,253115
MGNT,D,20181204,000000,3500.5000000,3684.0000000,3494.5000000,3630.0000000,615023
MGNT,D,20181205,000000,3613.5000000,3669.0000000,3590.0000000,3669.0000000,331975
MGNT,D,20181206,000000,3654.0000000,3710.0000000,3578.5000000,3699.0000000,313241
MGNT,D,20181207,000000,3708.5000000,3750.0000000,3662.5000000,3719.0000000,442642
MGNT,D,20181210,000000,3694.0000000,3721.5000000,3621.0000000,3685.0000000,255171
MGNT,D,20181211,000000,3677.5000000,3689.5000000,3583.5000000,3595.0000000,241409
MGNT,D,20181212,000000,3599.0000000,3631.0000000,3545.0000000,3600.5000000,221709
MGNT,D,20181213,000000,3610.5000000,3664.0000000,3586.0000000,3653.5000000,147182
MGNT,D,20181214,000000,3653.5000000,3658.5000000,3595.0000000,3644.0000000,159124
MGNT,D,20181217,000000,3645.0000000,3688.5000000,3634.5000000,3671.5000000,182390
MGNT,D,20181218,000000,3662.5000000,3730.0000000,3605.0000000,3725.0000000,305193
MGNT,D,20181219,000000,3710.0000000,3720.0000000,3673.5000000,3675.0000000,254925
MGNT,D,20181220,000000,3540.0000000,3594.0000000,3526.5000000,3565.0000000,370542
MGNT,D,20181221,000000,3554.5000000,3574.0000000,3537.0000000,3537.0000000,217171
MGNT,D,20181224,000000,3531.0000000,3548.5000000,3493.0000000,3503.5000000,100235
MGNT,D,20181225,000000,3485.0000000,3490.0000000,3310.0000000,3439.5000000,208868
MGNT,D,20181226,000000,3442.0000000,3498.0000000,3428.5000000,3491.5000000,186480
MGNT,D,20181227,000000,3518.0000000,3537.0000000,3429.0000000,3440.0000000,233953
MGNT,D,20181228,000000,3454.0000000,3494.0000000,3444.0000000,3475.0000000,115054
MGNT,D,20181229,000000,3478.0000000,3536.5000000,3473.0000000,3511.5000000,68588
MGNT,D,20190103,000000,3511.5000000,3596.5000000,3482.0000000,3576.0000000,221513
MGNT,D,20190104,000000,3590.0000000,3652.5000000,3580.0000000,3600.0000000,258406
MGNT,D,20190108,000000,3602.5000000,3688.0000000,3563.0000000,3680.0000000,232366
MGNT,D,20190109,000000,3679.0000000,3750.0000000,3661.0000000,3698.5000000,252801
MGNT,D,20190110,000000,3703.0000000,3838.5000000,3699.0000000,3830.0000000,423249
MGNT,D,20190111,000000,3830.5000000,3897.0000000,3816.0000000,3827.0000000,370716
MGNT,D,20190114,000000,3819.0000000,3819.0000000,3756.5000000,3790.5000000,188090
MGNT,D,20190115,000000,3812.5000000,3930.0000000,3806.0000000,3920.0000000,459913
MGNT,D,20190116,000000,3930.5000000,3999.0000000,3930.5000000,3970.0000000,377556
MGNT,D,20190117,000000,4000.0000000,4166.5000000,3992.5000000,4155.0000000,971030
MGNT,D,20190118,000000,4182.0000000,4232.0000000,4110.0000000,4152.0000000,586706
MGNT,D,20190121,000000,4170.0000000,4267.5000000,4112.0000000,4140.0000000,634536
MGNT,D,20190122,000000,4132.0000000,4228.0000000,4112.5000000,4200.0000000,428278
MGNT,D,20190123,000000,4219.0000000,4328.0000000,4191.5000000,4300.0000000,554050
MGNT,D,20190124,000000,4317.0000000,4425.0000000,4240.0000000,4256.0000000,698528
MGNT,D,20190125,000000,4280.0000000,4284.5000000,4140.0000000,4191.0000000,580989
MGNT,D,20190128,000000,4221.5000000,4229.5000000,4115.0000000,4147.0000000,293665
MGNT,D,20190129,000000,4160.0000000,4211.5000000,4124.0000000,4188.0000000,245994
MGNT,D,20190130,000000,4195.5000000,4209.5000000,4150.0000000,4164.0000000,156003
MGNT,D,20190131,000000,4200.5000000,4220.0000000,4105.5000000,4155.0000000,364963
MGNT,D,20190201,000000,4151.5000000,4187.0000000,4117.5000000,4133.0000000,168709
MGNT,D,20190204,000000,4144.0000000,4167.0000000,4122.5000000,4130.0000000,207705
MGNT,D,20190205,000000,4135.0000000,4155.0000000,4040.0000000,4054.0000000,299418
MGNT,D,20190206,000000,4055.0000000,4059.5000000,4000.5000000,4025.5000000,335129
MGNT,D,20190207,000000,4022.5000000,4155.0000000,4010.5000000,4029.5000000,592169
MGNT,D,20190208,000000,4027.0000000,4099.5000000,4020.0000000,4039.5000000,386727
MGNT,D,20190211,000000,4060.0000000,4074.0000000,4015.0000000,4035.0000000,199350
MGNT,D,20190212,000000,4048.0000000,4094.0000000,4015.0000000,4035.0000000,339870
MGNT,D,20190213,000000,4036.5000000,4054.5000000,3944.0000000,3988.0000000,483855
MGNT,D,20190214,000000,3967.0000000,4017.5000000,3895.5000000,3895.5000000,530477
MGNT,D,20190215,000000,3914.5000000,3952.5000000,3844.5000000,3896.0000000,411189
MGNT,D,20190218,000000,3920.0000000,3947.0000000,3871.0000000,3910.0000000,204154
MGNT,D,20190219,000000,3915.0000000,3934.5000000,3860.5000000,3900.0000000,194481
MGNT,D,20190220,000000,3907.5000000,3954.0000000,3907.5000000,3950.0000000,274046
MGNT,D,20190221,000000,3960.5000000,3990.0000000,3944.0000000,3945.5000000,236539
MGNT,D,20190222,000000,3938.5000000,3985.0000000,3933.0000000,3962.5000000,270933
MGNT,D,20190225,000000,3980.0000000,3992.5000000,3911.0000000,3922.5000000,155513
MGNT,D,20190226,000000,3911.0000000,3938.5000000,3850.0000000,3875.5000000,169200
MGNT,D,20190227,000000,3894.0000000,3899.5000000,3790.5000000,3803.0000000,254768
MGNT,D,20190228,000000,3810.0000000,3814.0000000,3776.0000000,3780.0000000,243464
MGNT,D,20190301,000000,3794.0000000,3920.5000000,3782.5000000,3904.0000000,385313
MGNT,D,20190304,000000,3916.5000000,3959.5000000,3850.0000000,3860.0000000,196258
MGNT,D,20190305,000000,3859.0000000,3905.0000000,3832.5000000,3900.0000000,198916
MGNT,D,20190306,000000,3912.5000000,3939.0000000,3845.5000000,3859.0000000,240817
MGNT,D,20190307,000000,3866.0000000,3909.0000000,3827.0000000,3850.0000000,181690
MGNT,D,20190311,000000,3848.0000000,3880.0000000,3776.0000000,3801.5000000,203428
MGNT,D,20190312,000000,3814.5000000,3837.5000000,3787.5000000,3790.0000000,164980
MGNT,D,20190313,000000,3797.0000000,3830.0000000,3757.0000000,3830.0000000,216748
MGNT,D,20190314,000000,3792.0000000,3834.0000000,3735.0000000,3750.0000000,225660
MGNT,D,20190315,000000,3758.5000000,3777.5000000,3703.5000000,3776.5000000,330371
MGNT,D,20190318,000000,3780.0000000,3824.5000000,3740.0000000,3788.0000000,185905
MGNT,D,20190319,000000,3799.0000000,3847.5000000,3771.0000000,3792.0000000,246013
MGNT,D,20190320,000000,3792.0000000,3797.0000000,3730.0000000,3761.0000000,211975
MGNT,D,20190321,000000,3765.0000000,3793.5000000,3718.5000000,3730.0000000,238361
MGNT,D,20190322,000000,3739.0000000,3752.0000000,3672.5000000,3688.0000000,223293
MGNT,D,20190325,000000,3678.5000000,3734.0000000,3673.5000000,3715.5000000,275441
MGNT,D,20190326,000000,3719.0000000,3806.0000000,3711.0000000,3760.0000000,401957
MGNT,D,20190327,000000,3758.0000000,3777.0000000,3698.0000000,3700.0000000,154872
MGNT,D,20190328,000000,3722.5000000,3723.5000000,3674.0000000,3689.0000000,181321
MGNT,D,20190329,000000,3691.5000000,3723.0000000,3610.0000000,3640.0000000,431832
MGNT,D,20190401,000000,3698.0000000,3720.0000000,3671.0000000,3690.5000000,313753
MGNT,D,20190402,000000,3696.0000000,3708.5000000,3651.5000000,3680.0000000,268293
MGNT,D,20190403,000000,3691.5000000,3742.0000000,3690.0000000,3715.0000000,223685
MGNT,D,20190404,000000,3714.0000000,3719.5000000,3655.0000000,3666.0000000,260919
MGNT,D,20190405,000000,3670.0000000,3674.0000000,3600.0000000,3610.0000000,300892
MGNT,D,20190408,000000,3617.5000000,3658.5000000,3584.0000000,3652.0000000,302762
MGNT,D,20190409,000000,3657.0000000,3659.0000000,3603.5000000,3610.0000000,119612
MGNT,D,20190410,000000,3614.0000000,3625.5000000,3560.5000000,3560.5000000,300558
MGNT,D,20190411,000000,3576.0000000,3578.0000000,3543.5000000,3548.0000000,170743
MGNT,D,20190412,000000,3561.5000000,3602.0000000,3547.0000000,3550.5000000,178488
MGNT,D,20190415,000000,3551.0000000,3566.5000000,3500.0000000,3500.0000000,157437
MGNT,D,20190416,000000,3511.0000000,3514.0000000,3443.5000000,3496.0000000,319109
MGNT,D,20190417,000000,3505.0000000,3585.0000000,3504.0000000,3581.0000000,280765
MGNT,D,20190418,000000,3583.5000000,3600.0000000,3542.0000000,3595.0000000,152468
MGNT,D,20190419,000000,3595.0000000,3635.0000000,3590.0000000,3597.0000000,97668
MGNT,D,20190422,000000,3607.5000000,3612.5000000,3565.5000000,3578.5000000,105070
MGNT,D,20190423,000000,3568.5000000,3679.5000000,3565.0000000,3675.0000000,316674
MGNT,D,20190424,000000,3668.0000000,3678.0000000,3623.5000000,3639.5000000,181917
MGNT,D,20190425,000000,3650.5000000,3718.0000000,3641.5000000,3649.5000000,294517
MGNT,D,20190426,000000,3653.0000000,3670.0000000,3575.5000000,3590.0000000,284847
MGNT,D,20190429,000000,3564.5000000,3632.5000000,3500.0000000,3630.5000000,247380
MGNT,D,20190430,000000,3631.5000000,3724.5000000,3545.0000000,3720.0000000,753249
MGNT,D,20190502,000000,3704.5000000,3774.0000000,3680.5000000,3746.0000000,303256
MGNT,D,20190503,000000,3750.0000000,3799.0000000,3750.0000000,3795.0000000,197838
MGNT,D,20190506,000000,3760.0000000,3772.0000000,3711.5000000,3758.5000000,201858
MGNT,D,20190507,000000,3750.5000000,3864.5000000,3750.5000000,3781.0000000,366735
MGNT,D,20190508,000000,3781.0000000,3831.0000000,3755.5000000,3815.0000000,232641
MGNT,D,20190510,000000,3768.0000000,3780.0000000,3696.5000000,3710.0000000,265104
MGNT,D,20190513,000000,3685.0000000,3752.0000000,3675.0000000,3730.0000000,234001
MGNT,D,20190514,000000,3730.0000000,3803.5000000,3729.5000000,3795.0000000,354014
MGNT,D,20190515,000000,3801.0000000,3808.0000000,3728.0000000,3728.5000000,170071
MGNT,D,20190516,000000,3737.5000000,3740.5000000,3687.0000000,3700.0000000,171953
MGNT,D,20190517,000000,3703.0000000,3754.5000000,3680.0000000,3700.0000000,191828
MGNT,D,20190520,000000,3700.5000000,3710.0000000,3645.0000000,3659.0000000,136346
MGNT,D,20190521,000000,3659.0000000,3671.0000000,3604.0000000,3619.0000000,260925
MGNT,D,20190522,000000,3619.0000000,3650.0000000,3590.5000000,3616.0000000,182799
MGNT,D,20190523,000000,3616.0000000,3637.0000000,3544.5000000,3552.0000000,241991
MGNT,D,20190524,000000,3564.5000000,3594.0000000,3556.0000000,3565.0000000,247805
MGNT,D,20190527,000000,3578.5000000,3629.0000000,3570.0000000,3615.0000000,130837
MGNT,D,20190528,000000,3620.0000000,3659.0000000,3612.5000000,3630.0000000,251927
MGNT,D,20190529,000000,3635.0000000,3689.5000000,3630.5000000,3670.0000000,182324
MGNT,D,20190530,000000,3685.0000000,3695.0000000,3655.5000000,3673.5000000,107644
MGNT,D,20190531,000000,3665.0000000,3738.5000000,3642.5000000,3738.5000000,227137
MGNT,D,20190603,000000,3730.0000000,3859.5000000,3697.5000000,3850.0000000,385759
MGNT,D,20190604,000000,3841.0000000,3890.5000000,3821.0000000,3860.0000000,365006
MGNT,D,20190605,000000,3865.0000000,3877.5000000,3837.5000000,3853.0000000,165820
MGNT,D,20190606,000000,3853.0000000,3876.0000000,3826.5000000,3839.5000000,151980
MGNT,D,20190607,000000,3839.0000000,3864.0000000,3789.0000000,3820.0000000,240938
MGNT,D,20190610,000000,3833.5000000,3841.5000000,3791.0000000,3797.0000000,199921
MGNT,D,20190611,000000,3805.0000000,3826.0000000,3760.0000000,3781.0000000,419395
MGNT,D,20190613,000000,3647.0000000,3683.0000000,3625.5000000,3650.0000000,297737
MGNT,D,20190614,000000,3653.5000000,3689.0000000,3615.0000000,3650.0000000,252315
MGNT,D,20190617,000000,3645.0000000,3755.0000000,3623.0000000,3740.0000000,256587
MGNT,D,20190618,000000,3740.0000000,3785.0000000,3716.0000000,3741.0000000,207486
MGNT,D,20190619,000000,3748.0000000,3774.5000000,3717.5000000,3759.5000000,162862
MGNT,D,20190620,000000,3766.5000000,3819.0000000,3759.0000000,3805.5000000,359783
MGNT,D,20190621,000000,3805.0000000,3818.5000000,3716.0000000,3753.0000000,284818
MGNT,D,20190624,000000,3760.5000000,3760.5000000,3700.0000000,3718.5000000,158261
MGNT,D,20190625,000000,3705.5000000,3736.0000000,3663.0000000,3690.0000000,148326
MGNT,D,20190626,000000,3690.0000000,3865.5000000,3681.5000000,3865.0000000,874471
MGNT,D,20190627,000000,3867.5000000,3914.0000000,3791.0000000,3791.0000000,481788
MGNT,D,20190628,000000,3799.5000000,3802.5000000,3731.0000000,3735.0000000,233295
MGNT,D,20190701,000000,3754.0000000,3782.0000000,3725.5000000,3729.5000000,165042
MGNT,D,20190702,000000,3735.0000000,3769.5000000,3703.0000000,3769.0000000,156057
MGNT,D,20190703,000000,3770.0000000,3793.5000000,3747.0000000,3785.0000000,167973
MGNT,D,20190704,000000,3780.0000000,3849.5000000,3770.5000000,3833.0000000,324885
MGNT,D,20190705,000000,3831.5000000,3844.5000000,3803.5000000,3832.5000000,170473
MGNT,D,20190708,000000,3839.0000000,3938.0000000,3828.5000000,3935.0000000,394950
MGNT,D,20190709,000000,3936.0000000,3955.0000000,3875.5000000,3930.0000000,275747
MGNT,D,20190710,000000,3938.0000000,3990.0000000,3900.0000000,3911.0000000,327789
MGNT,D,20190711,000000,3911.0000000,3930.0000000,3842.0000000,3860.0000000,297993
MGNT,D,20190712,000000,3861.5000000,3886.0000000,3795.5000000,3863.5000000,259276
MGNT,D,20190715,000000,3863.0000000,3938.0000000,3839.0000000,3878.5000000,214182
MGNT,D,20190716,000000,3873.5000000,3898.0000000,3835.5000000,3867.0000000,156259
MGNT,D,20190717,000000,3851.0000000,3907.0000000,3846.0000000,3869.5000000,169872
MGNT,D,20190718,000000,3869.0000000,3885.5000000,3837.0000000,3845.5000000,136975
MGNT,D,20190719,000000,3870.0000000,3887.0000000,3806.0000000,3820.0000000,393376
MGNT,D,20190722,000000,3816.5000000,3834.5000000,3746.0000000,3751.0000000,308935
MGNT,D,20190723,000000,3761.0000000,3819.0000000,3736.0000000,3807.0000000,235605
MGNT,D,20190724,000000,3815.5000000,3816.5000000,3785.0000000,3800.0000000,159121
MGNT,D,20190725,000000,3800.0000000,3900.0000000,3770.0000000,3793.5000000,409639
MGNT,D,20190726,000000,3818.0000000,3818.0000000,3746.0000000,3780.0000000,172862
MGNT,D,20190729,000000,3771.0000000,3812.5000000,3762.5000000,3784.5000000,156261
MGNT,D,20190730,000000,3795.0000000,3795.0000000,3745.0000000,3782.5000000,104495
MGNT,D,20190731,000000,3781.0000000,3809.5000000,3751.0000000,3785.0000000,250382
MGNT,D,20190801,000000,3768.0000000,3793.5000000,3721.5000000,3759.0000000,169450
MGNT,D,20190802,000000,3737.0000000,3759.0000000,3690.0000000,3690.0000000,229594
MGNT,D,20190805,000000,3685.0000000,3719.0000000,3556.0000000,3581.0000000,390415
MGNT,D,20190806,000000,3589.0000000,3609.5000000,3580.0000000,3594.0000000,137668
MGNT,D,20190807,000000,3600.0000000,3623.0000000,3513.0000000,3532.5000000,288791
MGNT,D,20190808,000000,3557.5000000,3598.0000000,3541.0000000,3582.5000000,142639
MGNT,D,20190809,000000,3576.0000000,3598.0000000,3534.0000000,3545.0000000,139374
MGNT,D,20190812,000000,3558.0000000,3577.0000000,3536.5000000,3559.0000000,94111
MGNT,D,20190813,000000,3560.0000000,3594.0000000,3552.0000000,3585.5000000,284262
MGNT,D,20190814,000000,3596.0000000,3640.0000000,3566.0000000,3605.0000000,237298
MGNT,D,20190815,000000,3605.0000000,3626.5000000,3565.5000000,3586.0000000,277150
MGNT,D,20190816,000000,3594.0000000,3617.0000000,3578.5000000,3601.0000000,157711
MGNT,D,20190819,000000,3610.5000000,3649.0000000,3597.5000000,3633.0000000,118385
MGNT,D,20190820,000000,3633.5000000,3637.0000000,3575.0000000,3584.0000000,142146
MGNT,D,20190821,000000,3586.0000000,3588.5000000,3545.0000000,3571.0000000,197480
MGNT,D,20190822,000000,3563.0000000,3572.0000000,3526.0000000,3535.0000000,151256
MGNT,D,20190823,000000,3536.0000000,3547.0000000,3519.5000000,3520.5000000,151824
MGNT,D,20190826,000000,3519.5000000,3549.0000000,3483.0000000,3529.5000000,98205
MGNT,D,20190827,000000,3520.5000000,3543.5000000,3512.0000000,3525.5000000,97756
MGNT,D,20190828,000000,3529.5000000,3544.5000000,3518.0000000,3543.5000000,172029
MGNT,D,20190829,000000,3543.5000000,3595.0000000,3542.0000000,3580.0000000,119325
MGNT,D,20190830,000000,3575.5000000,3690.0000000,3575.5000000,3690.0000000,430284
MGNT,D,20190902,000000,3687.0000000,3691.0000000,3650.0000000,3656.0000000,142408
MGNT,D,20190903,000000,3656.5000000,3666.5000000,3606.5000000,3624.0000000,189850
MGNT,D,20190904,000000,3634.5000000,3654.5000000,3596.0000000,3608.0000000,327381
MGNT,D,20190905,000000,3618.0000000,3624.5000000,3577.5000000,3599.5000000,428663
MGNT,D,20190906,000000,3604.0000000,3616.0000000,3570.5000000,3574.5000000,225949
MGNT,D,20190909,000000,3580.0000000,3595.5000000,3540.0000000,3550.0000000,252069
MGNT,D,20190910,000000,3550.5000000,3578.0000000,3505.5000000,3575.0000000,435279
MGNT,D,20190911,000000,3581.5000000,3625.0000000,3558.0000000,3585.0000000,472081
MGNT,D,20190912,000000,3586.5000000,3637.0000000,3578.0000000,3625.0000000,408066
MGNT,D,20190913,000000,3625.5000000,3647.0000000,3608.0000000,3620.0000000,215755
MGNT,D,20190916,000000,3620.5000000,3638.5000000,3600.5000000,3633.0000000,138760
MGNT,D,20190917,000000,3630.0000000,3654.0000000,3607.5000000,3650.0000000,251439
MGNT,D,20190918,000000,3645.5000000,3705.0000000,3642.0000000,3671.5000000,460798
MGNT,D,20190919,000000,3674.0000000,3682.5000000,3608.5000000,3620.0000000,324878
MGNT,D,20190920,000000,3616.0000000,3632.5000000,3600.0000000,3630.0000000,211820
MGNT,D,20190923,000000,3630.0000000,3642.5000000,3601.0000000,3630.0000000,103528
MGNT,D,20190924,000000,3628.0000000,3642.5000000,3562.0000000,3562.0000000,199068
MGNT,D,20190925,000000,3563.0000000,3579.0000000,3539.5000000,3539.5000000,211087
MGNT,D,20190926,000000,3543.0000000,3610.0000000,3543.0000000,3587.0000000,188783
MGNT,D,20190927,000000,3592.5000000,3594.0000000,3559.5000000,3559.5000000,114661
MGNT,D,20190930,000000,3551.5000000,3569.0000000,3530.0000000,3558.0000000,204091
MGNT,D,20191001,000000,3557.0000000,3569.5000000,3535.0000000,3540.5000000,121189
MGNT,D,20191002,000000,3545.0000000,3553.5000000,3500.0000000,3504.0000000,207713
MGNT,D,20191003,000000,3501.5000000,3511.5000000,3406.0000000,3427.0000000,375940
MGNT,D,20191004,000000,3433.5000000,3444.5000000,3368.0000000,3379.5000000,246772
MGNT,D,20191007,000000,3387.0000000,3395.0000000,3355.0000000,3355.0000000,193749
MGNT,D,20191008,000000,3374.5000000,3378.0000000,3273.0000000,3292.5000000,500326
MGNT,D,20191009,000000,3298.0000000,3325.0000000,3247.0000000,3321.5000000,471981
MGNT,D,20191010,000000,3327.0000000,3331.5000000,3276.0000000,3277.0000000,293096
MGNT,D,20191011,000000,3282.5000000,3298.0000000,3202.5000000,3211.5000000,358327
MGNT,D,20191014,000000,3217.5000000,3231.0000000,3136.5000000,3136.5000000,400968
MGNT,D,20191015,000000,3133.0000000,3218.0000000,3110.5000000,3215.0000000,424097
MGNT,D,20191016,000000,3215.5000000,3259.0000000,3186.0000000,3254.5000000,406127
MGNT,D,20191017,000000,3259.0000000,3262.5000000,3221.0000000,3239.5000000,279919
MGNT,D,20191018,000000,3239.5000000,3242.0000000,3205.5000000,3215.0000000,148624
MGNT,D,20191021,000000,3215.0000000,3242.0000000,3168.0000000,3175.0000000,297079
MGNT,D,20191022,000000,3176.5000000,3231.0000000,3164.0000000,3230.0000000,244499
MGNT,D,20191023,000000,3227.5000000,3278.0000000,3195.0000000,3214.0000000,456865
MGNT,D,20191024,000000,3211.0000000,3255.0000000,3207.0000000,3231.0000000,425053
MGNT,D,20191025,000000,3243.5000000,3243.5000000,3105.0000000,3182.0000000,519587
MGNT,D,20191028,000000,3184.0000000,3235.5000000,3162.0000000,3168.0000000,279607
MGNT,D,20191029,000000,3174.0000000,3247.0000000,3092.5000000,3211.0000000,866930
MGNT,D,20191030,000000,3211.0000000,3223.0000000,3164.5000000,3201.5000000,251382
MGNT,D,20191031,000000,3203.5000000,3232.0000000,3199.0000000,3232.0000000,282342
MGNT,D,20191101,000000,3242.0000000,3320.0000000,3238.0000000,3273.5000000,494119
MGNT,D,20191105,000000,3302.5000000,3370.0000000,3290.5000000,3346.5000000,430102
MGNT,D,20191106,000000,3346.5000000,3366.5000000,3325.0000000,3350.0000000,299321
MGNT,D,20191107,000000,3351.5000000,3379.0000000,3338.5000000,3360.0000000,328258
MGNT,D,20191108,000000,3353.0000000,3358.5000000,3257.0000000,3303.0000000,418426
MGNT,D,20191111,000000,3308.5000000,3324.5000000,3291.0000000,3305.0000000,146215
MGNT,D,20191112,000000,3310.0000000,3365.5000000,3306.0000000,3320.5000000,304507
MGNT,D,20191113,000000,3311.0000000,3345.0000000,3301.5000000,3333.0000000,163503
MGNT,D,20191114,000000,3329.5000000,3374.0000000,3313.0000000,3317.0000000,218468
MGNT,D,20191115,000000,3332.5000000,3350.0000000,3280.0000000,3305.5000000,217900
MGNT,D,20191118,000000,3341.0000000,3348.0000000,3285.5000000,3294.5000000,280848
MGNT,D,20191119,000000,3298.0000000,3338.5000000,3291.5000000,3334.0000000,226260
MGNT,D,20191120,000000,3323.5000000,3330.0000000,3301.5000000,3314.0000000,125141
MGNT,D,20191121,000000,3307.0000000,3317.5000000,3257.0000000,3270.0000000,277061
MGNT,D,20191122,000000,3276.0000000,3292.5000000,3255.0000000,3261.0000000,182143
MGNT,D,20191125,000000,3261.5000000,3275.0000000,3240.0000000,3240.0000000,196557
MGNT,D,20191126,000000,3243.0000000,3264.5000000,3231.0000000,3241.5000000,245469
MGNT,D,20191127,000000,3250.0000000,3266.0000000,3234.5000000,3245.5000000,200161
MGNT,D,20191128,000000,3243.0000000,3264.0000000,3236.5000000,3259.5000000,117096
MGNT,D,20191129,000000,3252.0000000,3292.0000000,3236.5000000,3283.0000000,189141
MGNT,D,20191202,000000,3280.0000000,3303.5000000,3242.0000000,3253.5000000,212324
MGNT,D,20191203,000000,3253.5000000,3256.5000000,3174.0000000,3180.0000000,339436
MGNT,D,20191204,000000,3188.0000000,3215.5000000,3151.5000000,3195.5000000,190002
MGNT,D,20191205,000000,3205.0000000,3222.0000000,3191.0000000,3199.0000000,114441
MGNT,D,20191206,000000,3208.5000000,3219.5000000,3195.5000000,3207.0000000,94980
MGNT,D,20191209,000000,3211.0000000,3234.5000000,3207.0000000,3231.5000000,169123
MGNT,D,20191210,000000,3232.0000000,3238.0000000,3211.5000000,3234.0000000,89431
MGNT,D,20191211,000000,3233.0000000,3258.5000000,3225.0000000,3230.5000000,168607
MGNT,D,20191212,000000,3235.0000000,3259.5000000,3235.0000000,3235.0000000,209848
MGNT,D,20191213,000000,3245.0000000,3274.0000000,3237.0000000,3265.5000000,238421
MGNT,D,20191216,000000,3274.5000000,3289.5000000,3255.5000000,3265.5000000,228827
MGNT,D,20191217,000000,3268.0000000,3285.5000000,3258.5000000,3272.5000000,212904
MGNT,D,20191218,000000,3272.0000000,3289.0000000,3268.5000000,3271.0000000,253346
MGNT,D,20191219,000000,3274.0000000,3288.5000000,3270.5000000,3276.0000000,327136
MGNT,D,20191220,000000,3325.0000000,3352.0000000,3287.0000000,3297.0000000,648340
MGNT,D,20191223,000000,3309.5000000,3344.5000000,3301.0000000,3340.0000000,299579
MGNT,D,20191224,000000,3343.5000000,3379.5000000,3341.0000000,3371.5000000,374853
MGNT,D,20191225,000000,3374.5000000,3431.5000000,3372.0000000,3416.0000000,395005
MGNT,D,20191226,000000,3432.0000000,3464.5000000,3424.0000000,3449.0000000,401515
MGNT,D,20191227,000000,3451.5000000,3467.0000000,3412.5000000,3428.0000000,422886
MGNT,D,20191230,000000,3435.0000000,3444.0000000,3416.5000000,3425.0000000,252912
MGNT,D,20200103,000000,3440.0000000,3460.0000000,3431.0000000,3445.5000000,291955
MGNT,D,20200106,000000,3446.0000000,3455.5000000,3407.0000000,3416.0000000,290909
MGNT,D,20200108,000000,3416.0000000,3432.0000000,3381.0000000,3427.0000000,388549
MGNT,D,20200109,000000,3312.0000000,3368.5000000,3300.5000000,3348.0000000,492797
MGNT,D,20200110,000000,3350.0000000,3379.0000000,3312.0000000,3319.5000000,376849
MGNT,D,20200113,000000,3330.0000000,3347.5000000,3306.5000000,3345.0000000,222572
MGNT,D,20200114,000000,3347.5000000,3370.5000000,3325.5000000,3339.0000000,362009
MGNT,D,20200115,000000,3342.0000000,3463.0000000,3334.5000000,3440.0000000,1536221
MGNT,D,20200116,000000,3463.5000000,3629.5000000,3460.0000000,3625.0000000,1630349
MGNT,D,20200117,000000,3661.5000000,3700.0000000,3590.5000000,3623.0000000,1422107
MGNT,D,20200120,000000,3640.0000000,3889.5000000,3638.0000000,3855.0000000,1596925
MGNT,D,20200121,000000,3840.5000000,3885.0000000,3714.5000000,3840.0000000,1137798
MGNT,D,20200122,000000,3860.0000000,3939.0000000,3750.0000000,3750.0000000,1202119
MGNT,D,20200123,000000,3724.0000000,3750.0000000,3632.0000000,3702.5000000,890575
MGNT,D,20200124,000000,3731.0000000,3815.0000000,3706.5000000,3796.0000000,1028616
MGNT,D,20200127,000000,3752.0000000,3763.0000000,3683.0000000,3708.5000000,585063
MGNT,D,20200128,000000,3719.0000000,3812.0000000,3708.0000000,3751.0000000,597899
MGNT,D,20200129,000000,3759.0000000,3870.0000000,3731.0000000,3819.5000000,717748
MGNT,D,20200130,000000,3796.0000000,3874.0000000,3775.5000000,3830.0000000,617826
MGNT,D,20200131,000000,3851.5000000,3870.0000000,3727.0000000,3727.0000000,682379
MGNT,D,20200203,000000,3699.0000000,3761.0000000,3668.0000000,3720.5000000,559676
MGNT,D,20200204,000000,3742.0000000,3797.0000000,3725.0000000,3750.0000000,453596
MGNT,D,20200205,000000,3759.5000000,3805.5000000,3700.0000000,3783.5000000,1004108
MGNT,D,20200206,000000,3814.5000000,3839.0000000,3655.0000000,3713.0000000,1505151
MGNT,D,20200207,000000,3715.5000000,3727.0000000,3625.5000000,3640.0000000,652734
MGNT,D,20200210,000000,3639.0000000,3657.5000000,3507.0000000,3564.5000000,779546
MGNT,D,20200211,000000,3571.0000000,3597.0000000,3512.0000000,3575.0000000,594896
MGNT,D,20200212,000000,3570.0000000,3760.0000000,3563.0000000,3760.0000000,1114425
MGNT,D,20200213,000000,3750.0000000,3806.5000000,3712.5000000,3750.0000000,851663
MGNT,D,20200214,000000,3762.0000000,3768.5000000,3661.0000000,3669.0000000,480070
MGNT,D,20200217,000000,3685.0000000,3718.0000000,3651.5000000,3697.0000000,452693
MGNT,D,20200218,000000,3688.5000000,3688.5000000,3605.0000000,3620.0000000,460542
MGNT,D,20200219,000000,3631.0000000,3668.0000000,3557.5000000,3640.5000000,547359
MGNT,D,20200220,000000,3651.0000000,3670.0000000,3617.0000000,3641.0000000,269194
MGNT,D,20200221,000000,3623.0000000,3651.5000000,3591.0000000,3625.0000000,312226
MGNT,D,20200225,000000,3556.0000000,3598.5000000,3500.0000000,3503.0000000,433180
MGNT,D,20200226,000000,3488.0000000,3529.0000000,3390.5000000,3529.0000000,667542
MGNT,D,20200227,000000,3482.0000000,3484.5000000,3320.0000000,3345.0000000,600611
MGNT,D,20200228,000000,3236.0000000,3269.0000000,3054.0000000,3160.5000000,1459642
MGNT,D,20200302,000000,3213.5000000,3271.5000000,3066.0000000,3201.0000000,749046
MGNT,D,20200303,000000,3266.0000000,3288.0000000,3131.0000000,3150.0000000,807292
MGNT,D,20200304,000000,3123.0000000,3182.0000000,3102.0000000,3130.0000000,532562
MGNT,D,20200305,000000,3161.0000000,3169.0000000,3081.0000000,3121.0000000,521348
MGNT,D,20200306,000000,3072.5000000,3093.5000000,2950.0000000,2984.0000000,862991
MGNT,D,20200310,000000,2688.0000000,2820.0000000,2507.0000000,2669.5000000,2125922
MGNT,D,20200311,000000,2689.0000000,2777.0000000,2630.0000000,2705.0000000,1264374
MGNT,D,20200312,000000,2625.0000000,2625.0000000,2313.0000000,2337.0000000,1842348
MGNT,D,20200313,000000,2327.0000000,2545.0000000,2289.0000000,2501.0000000,2036854
MGNT,D,20200316,000000,2501.0000000,2650.0000000,2378.0000000,2636.0000000,1400055
MGNT,D,20200317,000000,2589.5000000,2782.0000000,2583.5000000,2765.5000000,1387212
MGNT,D,20200318,000000,2726.0000000,2890.0000000,2713.0000000,2780.0000000,1841047
MGNT,D,20200319,000000,2779.5000000,2969.0000000,2771.0000000,2950.0000000,1233763
MGNT,D,20200320,000000,2989.0000000,3075.0000000,2980.0000000,3002.5000000,1329099
MGNT,D,20200323,000000,2949.0000000,3050.0000000,2830.0000000,2986.0000000,1068377
MGNT,D,20200324,000000,3040.0000000,3095.0000000,3009.5000000,3020.0000000,733127
MGNT,D,20200325,000000,3050.5000000,3134.0000000,2950.0000000,3070.0000000,1017518
MGNT,D,20200326,000000,3069.5000000,3251.0000000,3003.0000000,3249.5000000,776449
MGNT,D,20200327,000000,3254.0000000,3272.0000000,3063.5000000,3140.0000000,640870
MGNT,D,20200330,000000,3100.5000000,3159.0000000,3045.0000000,3128.5000000,386716
MGNT,D,20200331,000000,3149.0000000,3241.5000000,3065.0000000,3202.5000000,468120
MGNT,D,20200401,000000,3158.0000000,3189.5000000,3116.5000000,3140.0000000,401981
MGNT,D,20200402,000000,3171.5000000,3200.0000000,3115.0000000,3190.0000000,603133
MGNT,D,20200403,000000,3178.0000000,3275.0000000,3158.0000000,3189.0000000,631941
MGNT,D,20200406,000000,3207.0000000,3262.0000000,3191.0000000,3262.0000000,428077
MGNT,D,20200407,000000,3284.5000000,3354.0000000,3254.0000000,3255.0000000,634958
MGNT,D,20200408,000000,3231.5000000,3377.0000000,3204.0000000,3372.5000000,638994
MGNT,D,20200409,000000,3387.0000000,3418.5000000,3287.5000000,3318.0000000,664627
MGNT,D,20200410,000000,3318.0000000,3326.5000000,3275.5000000,3321.5000000,198605
MGNT,D,20200413,000000,3315.5000000,3383.5000000,3260.0000000,3286.0000000,303435
MGNT,D,20200414,000000,3318.0000000,3385.0000000,3308.0000000,3362.0000000,477174
MGNT,D,20200415,000000,3365.0000000,3365.5000000,3215.0000000,3244.5000000,489492
MGNT,D,20200416,000000,3249.0000000,3290.0000000,3180.0000000,3196.5000000,423817
MGNT,D,20200417,000000,3253.0000000,3263.5000000,3200.0000000,3236.0000000,290157
MGNT,D,20200420,000000,3232.0000000,3254.0000000,3159.5000000,3165.0000000,272556
MGNT,D,20200421,000000,3129.0000000,3155.0000000,3032.0000000,3142.5000000,448016
MGNT,D,20200422,000000,3140.0000000,3263.0000000,3120.0000000,3205.0000000,412431
MGNT,D,20200423,000000,3236.0000000,3320.5000000,3187.5000000,3287.0000000,370461
MGNT,D,20200424,000000,3298.5000000,3298.5000000,3215.5000000,3215.5000000,314692
MGNT,D,20200427,000000,3233.0000000,3356.0000000,3229.0000000,3356.0000000,512104
MGNT,D,20200428,000000,3348.5000000,3502.5000000,3336.0000000,3380.0000000,760416
MGNT,D,20200429,000000,3399.5000000,3506.5000000,3392.0000000,3467.0000000,546429
MGNT,D,20200430,000000,3479.0000000,3705.0000000,3468.0000000,3690.0000000,1484139
MGNT,D,20200504,000000,3677.5000000,3858.0000000,3612.0000000,3760.0000000,1340370
MGNT,D,20200505,000000,3782.5000000,3824.5000000,3664.5000000,3702.0000000,661431
MGNT,D,20200506,000000,3708.5000000,3740.0000000,3661.0000000,3690.0000000,675492
MGNT,D,20200507,000000,3691.5000000,3731.0000000,3673.0000000,3694.0000000,483755
MGNT,D,20200508,000000,3699.5000000,3710.0000000,3640.5000000,3663.0000000,291016
MGNT,D,20200512,000000,3663.0000000,3667.5000000,3573.0000000,3575.5000000,535623
MGNT,D,20200513,000000,3569.5000000,3647.5000000,3518.0000000,3631.0000000,546151
MGNT,D,20200514,000000,3610.0000000,3634.5000000,3507.0000000,3508.0000000,621758
MGNT,D,20200515,000000,3531.0000000,3578.0000000,3520.5000000,3544.5000000,308703
MGNT,D,20200518,000000,3570.0000000,3634.0000000,3551.5000000,3619.5000000,522604
MGNT,D,20200519,000000,3640.0000000,3677.0000000,3583.0000000,3657.0000000,352357
MGNT,D,20200520,000000,3658.0000000,3686.0000000,3633.0000000,3640.0000000,400697
MGNT,D,20200521,000000,3643.0000000,3657.5000000,3592.5000000,3600.0000000,345079
MGNT,D,20200522,000000,3589.0000000,3621.0000000,3566.0000000,3616.0000000,208008
MGNT,D,20200525,000000,3622.0000000,3647.0000000,3614.5000000,3635.0000000,119457
MGNT,D,20200526,000000,3649.0000000,3657.0000000,3581.5000000,3615.5000000,365782
MGNT,D,20200527,000000,3615.5000000,3779.0000000,3608.5000000,3744.5000000,856327
MGNT,D,20200528,000000,3763.5000000,3833.0000000,3735.0000000,3827.0000000,502375
MGNT,D,20200529,000000,3818.0000000,3833.0000000,3728.0000000,3740.0000000,518322
MGNT,D,20200601,000000,3754.0000000,3873.0000000,3753.0000000,3832.0000000,428320
MGNT,D,20200602,000000,3852.0000000,3908.0000000,3823.5000000,3899.5000000,590579
MGNT,D,20200603,000000,3915.0000000,3934.5000000,3812.0000000,3869.0000000,529011
MGNT,D,20200604,000000,3869.0000000,3887.0000000,3789.5000000,3836.0000000,632588
MGNT,D,20200605,000000,3840.5000000,3867.0000000,3815.0000000,3846.0000000,300224
MGNT,D,20200608,000000,3863.0000000,3989.0000000,3855.0000000,3950.0000000,622249
MGNT,D,20200609,000000,3969.0000000,3997.0000000,3916.5000000,3929.0000000,367852
MGNT,D,20200610,000000,3933.0000000,4050.0000000,3911.0000000,3995.0000000,805517
MGNT,D,20200611,000000,3955.0000000,4104.0000000,3930.0000000,4004.0000000,786098
MGNT,D,20200615,000000,3984.5000000,4060.0000000,3924.5000000,3985.5000000,606762
MGNT,D,20200616,000000,4010.0000000,4043.5000000,3945.0000000,3950.0000000,409007
MGNT,D,20200617,000000,3969.5000000,3990.0000000,3904.0000000,3945.0000000,542551
MGNT,D,20200618,000000,3805.0000000,3847.0000000,3791.0000000,3820.0000000,725669
MGNT,D,20200619,000000,3840.5000000,3980.0000000,3832.0000000,3980.0000000,867710
MGNT,D,20200622,000000,3960.0000000,4086.0000000,3907.0000000,4076.0000000,655479
MGNT,D,20200623,000000,4083.0000000,4204.5000000,4083.0000000,4115.0000000,715543
MGNT,D,20200625,000000,4098.5000000,4167.0000000,4066.0000000,4140.5000000,870462
MGNT,D,20200626,000000,4145.0000000,4224.0000000,4134.5000000,4180.5000000,558665
MGNT,D,20200629,000000,4182.5000000,4208.5000000,4114.0000000,4156.5000000,332486
MGNT,D,20200630,000000,4153.5000000,4174.5000000,4020.5000000,4035.0000000,439418
MGNT,D,20200702,000000,4054.0000000,4218.0000000,4047.0000000,4202.0000000,514032
MGNT,D,20200703,000000,4205.0000000,4234.5000000,4179.0000000,4222.0000000,287251
MGNT,D,20200706,000000,4236.0000000,4374.0000000,4236.0000000,4332.0000000,494536
MGNT,D,20200707,000000,4322.5000000,4334.0000000,4235.5000000,4242.0000000,599546
MGNT,D,20200708,000000,4240.0000000,4276.5000000,4184.0000000,4225.0000000,364001
MGNT,D,20200709,000000,4224.0000000,4385.0000000,4224.0000000,4337.0000000,674716
MGNT,D,20200710,000000,4320.0000000,4377.0000000,4272.5000000,4307.0000000,519649
MGNT,D,20200713,000000,4315.5000000,4357.5000000,4274.0000000,4291.0000000,327645
MGNT,D,20200714,000000,4305.5000000,4307.0000000,4125.0000000,4259.5000000,403736
MGNT,D,20200715,000000,4264.5000000,4333.0000000,4237.5000000,4298.0000000,278935
MGNT,D,20200716,000000,4285.0000000,4360.5000000,4218.0000000,4303.5000000,361755
MGNT,D,20200717,000000,4300.5000000,4328.5000000,4264.0000000,4302.0000000,176026
MGNT,D,20200720,000000,4299.0000000,4495.0000000,4276.5000000,4476.5000000,570102
MGNT,D,20200721,000000,4487.0000000,4662.5000000,4480.0000000,4648.0000000,717238
MGNT,D,20200722,000000,4647.0000000,4756.0000000,4610.5000000,4690.0000000,859724
MGNT,D,20200723,000000,4700.0000000,4756.0000000,4675.5000000,4720.0000000,648464
MGNT,D,20200724,000000,4717.0000000,4804.5000000,4692.5000000,4782.5000000,464885
MGNT,D,20200727,000000,4794.0000000,4854.5000000,4680.0000000,4752.0000000,554837
MGNT,D,20200728,000000,4755.0000000,4795.0000000,4713.5000000,4768.0000000,303507
MGNT,D,20200729,000000,4762.0000000,4788.0000000,4600.0000000,4698.0000000,815281
MGNT,D,20200730,000000,4707.0000000,4775.0000000,4622.0000000,4675.5000000,499186
MGNT,D,20200731,000000,4652.5000000,4686.5000000,4555.0000000,4586.0000000,545908
MGNT,D,20200803,000000,4586.0000000,4668.0000000,4574.0000000,4614.0000000,440772
MGNT,D,20200804,000000,4630.0000000,4665.0000000,4600.5000000,4658.5000000,276765
MGNT,D,20200805,000000,4666.0000000,4705.5000000,4591.5000000,4632.0000000,333049
MGNT,D,20200806,000000,4630.5000000,4635.0000000,4572.5000000,4606.5000000,321495
MGNT,D,20200807,000000,4603.0000000,4627.0000000,4534.0000000,4618.0000000,309905
MGNT,D,20200810,000000,4622.0000000,4675.0000000,4577.0000000,4613.5000000,263586
MGNT,D,20200811,000000,4613.0000000,4655.0000000,4563.5000000,4622.0000000,368984
MGNT,D,20200812,000000,4636.0000000,4646.0000000,4581.0000000,4619.5000000,343556
MGNT,D,20200813,000000,4619.5000000,4780.0000000,4593.5000000,4738.5000000,509353
MGNT,D,20200814,000000,4740.0000000,4784.0000000,4676.0000000,4763.5000000,561231
MGNT,D,20200817,000000,4764.0000000,4817.5000000,4647.5000000,4688.0000000,518607
MGNT,D,20200818,000000,4670.0000000,4739.0000000,4655.0000000,4690.5000000,321094
MGNT,D,20200819,000000,4695.0000000,4711.5000000,4661.5000000,4671.5000000,252837
MGNT,D,20200820,000000,4659.5000000,4659.5000000,4523.5000000,4561.5000000,533803
MGNT,D,20200821,000000,4558.5000000,4585.0000000,4438.0000000,4523.0000000,368723
MGNT,D,20200824,000000,4548.5000000,4613.0000000,4532.5000000,4608.0000000,335463
MGNT,D,20200825,000000,4615.5000000,4644.5000000,4576.0000000,4642.5000000,473599
MGNT,D,20200826,000000,4642.0000000,4676.0000000,4606.5000000,4666.0000000,302374
MGNT,D,20200827,000000,4666.0000000,4746.0000000,4652.5000000,4728.0000000,422233
MGNT,D,20200828,000000,4729.0000000,4730.0000000,4560.0000000,4581.5000000,481042
MGNT,D,20200831,000000,4590.0000000,4603.0000000,4420.5000000,4474.5000000,468217
MGNT,D,20200901,000000,4480.0000000,4540.0000000,4376.0000000,4497.5000000,556547
MGNT,D,20200902,000000,4500.0000000,4619.0000000,4444.5000000,4564.5000000,518184
MGNT,D,20200903,000000,4575.5000000,4597.5000000,4537.5000000,4565.0000000,274496
MGNT,D,20200904,000000,4559.5000000,4616.0000000,4528.0000000,4590.5000000,251453
MGNT,D,20200907,000000,4580.0000000,4604.5000000,4540.0000000,4558.5000000,150741
MGNT,D,20200908,000000,4562.0000000,4582.5000000,4448.5000000,4535.0000000,312059
MGNT,D,20200909,000000,4532.0000000,4532.0000000,4403.0000000,4456.0000000,279467
MGNT,D,20200910,000000,4463.0000000,4518.0000000,4420.0000000,4475.0000000,217757
MGNT,D,20200911,000000,4490.0000000,4685.0000000,4468.0000000,4663.5000000,322222
MGNT,D,20200914,000000,4685.0000000,4773.5000000,4632.0000000,4671.5000000,458729
MGNT,D,20200915,000000,4663.0000000,4758.0000000,4609.5000000,4724.5000000,382678
MGNT,D,20200916,000000,4735.5000000,4753.0000000,4637.0000000,4710.0000000,274442
MGNT,D,20200917,000000,4683.0000000,4889.5000000,4677.0000000,4863.0000000,787198
MGNT,D,20200918,000000,4867.0000000,4875.0000000,4788.0000000,4805.0000000,394972
MGNT,D,20200921,000000,4813.0000000,4813.0000000,4691.5000000,4772.5000000,468255
MGNT,D,20200922,000000,4762.0000000,4965.0000000,4717.0000000,4962.0000000,654074
MGNT,D,20200923,000000,4951.0000000,5138.5000000,4918.0000000,4989.5000000,762604
MGNT,D,20200924,000000,4980.5000000,5082.0000000,4966.0000000,5057.0000000,584374
MGNT,D,20200925,000000,5062.0000000,5129.5000000,4976.5000000,5025.0000000,484960
MGNT,D,20200928,000000,5040.0000000,5114.0000000,5023.0000000,5080.0000000,347077
MGNT,D,20200929,000000,5068.0000000,5086.5000000,4926.0000000,4965.5000000,492171
MGNT,D,20200930,000000,4954.0000000,4995.5000000,4874.5000000,4956.0000000,440560
MGNT,D,20201001,000000,4983.5000000,5022.0000000,4850.0000000,4896.0000000,419660
MGNT,D,20201002,000000,4860.0000000,4940.0000000,4853.5000000,4906.5000000,308123
MGNT,D,20201005,000000,4917.0000000,4949.5000000,4872.0000000,4895.0000000,323020
MGNT,D,20201006,000000,4901.0000000,4911.0000000,4858.0000000,4879.0000000,214699
MGNT,D,20201007,000000,4877.0000000,4897.0000000,4692.0000000,4766.5000000,603324
MGNT,D,20201008,000000,4770.0000000,4799.0000000,4695.0000000,4722.0000000,389157
MGNT,D,20201009,000000,4719.5000000,4719.5000000,4597.0000000,4690.5000000,330711
MGNT,D,20201012,000000,4699.0000000,4863.0000000,4676.0000000,4859.0000000,428179
MGNT,D,20201013,000000,4852.0000000,4934.5000000,4785.0000000,4837.0000000,448933
MGNT,D,20201014,000000,4839.0000000,4931.5000000,4818.5000000,4912.0000000,369365
MGNT,D,20201015,000000,4902.5000000,4912.0000000,4702.0000000,4741.0000000,357136
MGNT,D,20201016,000000,4738.5000000,4804.5000000,4687.0000000,4782.0000000,358808
MGNT,D,20201019,000000,4787.5000000,4950.0000000,4777.5000000,4914.5000000,441176
MGNT,D,20201020,000000,4929.0000000,5023.0000000,4867.5000000,4910.5000000,506574
MGNT,D,20201021,000000,4912.0000000,4934.0000000,4829.0000000,4863.0000000,267046
MGNT,D,20201022,000000,4849.0000000,4925.0000000,4831.0000000,4900.5000000,212813
MGNT,D,20201023,000000,4898.5000000,4908.0000000,4825.5000000,4855.5000000,176391
MGNT,D,20201026,000000,4829.0000000,4894.0000000,4760.0000000,4799.5000000,254788
MGNT,D,20201027,000000,4817.5000000,4862.0000000,4763.0000000,4784.0000000,263856
MGNT,D,20201028,000000,4775.0000000,4783.5000000,4636.0000000,4702.0000000,403906
MGNT,D,20201029,000000,4710.0000000,4742.0000000,4581.0000000,4659.0000000,603634
MGNT,D,20201030,000000,4636.0000000,4728.0000000,4542.0000000,4706.0000000,356991
MGNT,D,20201102,000000,4706.0000000,4844.0000000,4635.0000000,4829.0000000,291287
MGNT,D,20201103,000000,4833.0000000,4900.0000000,4728.0000000,4770.0000000,415512
MGNT,D,20201105,000000,4820.0000000,4860.5000000,4708.0000000,4741.5000000,344948
MGNT,D,20201106,000000,4749.0000000,4827.5000000,4694.5000000,4796.0000000,400139
MGNT,D,20201109,000000,4820.0000000,4930.0000000,4797.5000000,4893.5000000,487087
MGNT,D,20201110,000000,4885.0000000,4985.5000000,4880.0000000,4945.0000000,333565
MGNT,D,20201111,000000,4961.0000000,5003.5000000,4754.0000000,4780.0000000,523010
MGNT,D,20201112,000000,4777.0000000,4974.5000000,4771.0000000,4910.0000000,478098
MGNT,D,20201113,000000,4930.0000000,4946.5000000,4831.0000000,4932.0000000,251469
MGNT,D,20201116,000000,4947.0000000,5025.0000000,4906.5000000,4982.0000000,396031
MGNT,D,20201117,000000,4993.5000000,5000.0000000,4848.0000000,4891.5000000,319977
MGNT,D,20201118,000000,4891.5000000,5001.0000000,4850.0000000,4980.0000000,442458
MGNT,D,20201119,000000,4998.0000000,5096.5000000,4943.0000000,5012.5000000,632419
MGNT,D,20201120,000000,5001.0000000,5028.5000000,4900.0000000,4933.0000000,390445
MGNT,D,20201123,000000,4934.0000000,4989.0000000,4883.0000000,4945.0000000,366980
MGNT,D,20201124,000000,4960.0000000,4968.5000000,4876.5000000,4910.0000000,319868
MGNT,D,20201125,000000,4915.0000000,4935.0000000,4806.5000000,4891.5000000,555502
MGNT,D,20201126,000000,4897.0000000,4995.0000000,4874.5000000,4971.5000000,309192
MGNT,D,20201127,000000,4977.5000000,4997.0000000,4936.5000000,4985.5000000,272493
MGNT,D,20201130,000000,4969.5000000,5043.5000000,4947.0000000,4979.0000000,303833
MGNT,D,20201201,000000,4979.0000000,5057.0000000,4961.5000000,5019.5000000,290875
MGNT,D,20201202,000000,5004.0000000,5038.0000000,4968.5000000,4995.0000000,232363
MGNT,D,20201203,000000,4998.5000000,5054.0000000,4950.5000000,5008.0000000,485355
MGNT,D,20201204,000000,5013.5000000,5034.0000000,4975.0000000,4992.5000000,151598
MGNT,D,20201207,000000,4994.5000000,5050.0000000,4992.0000000,5008.0000000,202118
MGNT,D,20201208,000000,5022.5000000,5055.5000000,5000.0000000,5040.5000000,282800
MGNT,D,20201209,000000,5051.5000000,5426.0000000,5048.0000000,5384.0000000,1358687
MGNT,D,20201210,000000,5396.0000000,5496.0000000,5309.0000000,5384.5000000,908425
MGNT,D,20201211,000000,5359.0000000,5418.0000000,5321.5000000,5381.0000000,309310
MGNT,D,20201214,000000,5391.0000000,5549.0000000,5385.0000000,5512.0000000,574282
MGNT,D,20201215,000000,5524.0000000,5548.0000000,5445.0000000,5494.0000000,306982
MGNT,D,20201216,000000,5483.0000000,5537.5000000,5406.5000000,5432.0000000,324675
MGNT,D,20201217,000000,5441.5000000,5457.5000000,5368.0000000,5421.0000000,382297
MGNT,D,20201218,000000,5414.0000000,5498.5000000,5384.0000000,5449.0000000,332646
MGNT,D,20201221,000000,5441.0000000,5444.0000000,5284.0000000,5362.0000000,571561
MGNT,D,20201222,000000,5337.5000000,5394.5000000,5321.5000000,5346.0000000,283565
MGNT,D,20201223,000000,5340.0000000,5382.0000000,5287.5000000,5356.0000000,272274
MGNT,D,20201224,000000,5362.0000000,5468.5000000,5339.0000000,5424.5000000,260208
MGNT,D,20201225,000000,5421.5000000,5486.0000000,5420.0000000,5474.5000000,179783
MGNT,D,20201228,000000,5487.0000000,5607.5000000,5483.5000000,5599.0000000,368382
MGNT,D,20201229,000000,5613.0000000,5687.5000000,5587.5000000,5643.0000000,425425
MGNT,D,20201230,000000,5670.0000000,5714.0000000,5635.0000000,5685.5000000,424833
MGNT,D,20210104,000000,5700.0000000,5784.5000000,5700.0000000,5744.0000000,389580
MGNT,D,20210105,000000,5749.0000000,5770.0000000,5688.5000000,5762.5000000,523336
MGNT,D,20210106,000000,5558.0000000,5620.0000000,5500.0000000,5534.0000000,748238
MGNT,D,20210108,000000,5536.5000000,5590.0000000,5439.5000000,5478.0000000,685315
MGNT,D,20210111,000000,5462.0000000,5546.0000000,5410.0000000,5484.5000000,381305
MGNT,D,20210112,000000,5484.0000000,5541.0000000,5425.0000000,5450.5000000,384309
MGNT,D,20210113,000000,5451.5000000,5473.5000000,5351.0000000,5410.0000000,292518
MGNT,D,20210114,000000,5403.0000000,5423.0000000,5345.0000000,5375.5000000,284274
MGNT,D,20210115,000000,5370.0000000,5373.0000000,5150.0000000,5210.0000000,1082136
MGNT,D,20210118,000000,5209.5000000,5254.0000000,5143.5000000,5219.0000000,558907
MGNT,D,20210119,000000,5232.5000000,5254.0000000,5134.5000000,5183.5000000,443464
MGNT,D,20210120,000000,5188.5000000,5220.0000000,5125.0000000,5161.5000000,496304
MGNT,D,20210121,000000,5170.0000000,5192.5000000,5045.5000000,5060.0000000,553023
MGNT,D,20210122,000000,5054.0000000,5054.0000000,4918.0000000,4991.0000000,706032
MGNT,D,20210125,000000,4984.5000000,5175.0000000,4983.5000000,5168.5000000,751937
MGNT,D,20210126,000000,5147.0000000,5211.0000000,5125.5000000,5175.0000000,461057
MGNT,D,20210127,000000,5180.0000000,5187.0000000,5070.0000000,5087.5000000,406595
MGNT,D,20210128,000000,5049.5000000,5071.0000000,4981.0000000,5060.0000000,394757
MGNT,D,20210129,000000,5031.5000000,5045.0000000,4900.5000000,4924.0000000,551594
MGNT,D,20210201,000000,4941.5000000,5017.0000000,4865.0000000,4948.5000000,490220
MGNT,D,20210202,000000,4949.0000000,5096.5000000,4949.0000000,5014.5000000,716539
MGNT,D,20210203,000000,5013.5000000,5081.5000000,4987.5000000,5048.5000000,394810
MGNT,D,20210204,000000,5055.5000000,5160.0000000,5005.0000000,5062.5000000,731022
MGNT,D,20210205,000000,5082.0000000,5097.0000000,4953.0000000,4996.0000000,511451
MGNT,D,20210208,000000,5013.0000000,5117.0000000,5005.0000000,5107.5000000,554832
MGNT,D,20210209,000000,5112.0000000,5298.5000000,5110.0000000,5273.0000000,870072
MGNT,D,20210210,000000,5295.5000000,5312.0000000,5125.5000000,5197.0000000,542689
MGNT,D,20210211,000000,5177.0000000,5196.5000000,5090.0000000,5117.5000000,496228
MGNT,D,20210212,000000,5100.0000000,5174.0000000,5036.0000000,5169.0000000,493207
MGNT,D,20210215,000000,5187.0000000,5289.0000000,5186.5000000,5280.0000000,556501
MGNT,D,20210216,000000,5285.0000000,5336.0000000,5271.5000000,5297.5000000,473145
MGNT,D,20210217,000000,5300.5000000,5320.0000000,5211.0000000,5260.0000000,538090
MGNT,D,20210218,000000,5244.5000000,5269.0000000,5076.0000000,5155.5000000,762248
MGNT,D,20210219,000000,5160.0000000,5196.0000000,5110.5000000,5172.5000000,383471
MGNT,D,20210220,000000,5155.0000000,5169.0000000,5125.0000000,5149.5000000,33555
MGNT,D,20210222,000000,5161.5000000,5169.5000000,5055.0000000,5098.0000000,271104
MGNT,D,20210224,000000,5091.0000000,5092.5000000,4957.0000000,5008.0000000,546134
MGNT,D,20210225,000000,4998.0000000,5027.0000000,4889.5000000,4919.5000000,713489
MGNT,D,20210226,000000,4900.5000000,4974.5000000,4872.5000000,4929.0000000,458905
MGNT,D,20210301,000000,4957.0000000,4974.5000000,4916.5000000,4970.5000000,345421
MGNT,D,20210302,000000,4965.0000000,5080.0000000,4938.0000000,5068.5000000,393648
MGNT,D,20210303,000000,5080.0000000,5130.5000000,5016.0000000,5030.0000000,466695
MGNT,D,20210304,000000,5035.5000000,5059.0000000,4953.0000000,4965.5000000,315202
MGNT,D,20210305,000000,4983.0000000,5059.5000000,4906.5000000,5010.0000000,569971
MGNT,D,20210309,000000,5024.5000000,5044.5000000,4936.0000000,4980.5000000,515133
MGNT,D,20210310,000000,4975.0000000,5125.0000000,4966.5000000,5070.0000000,366323
MGNT,D,20210311,000000,5089.5000000,5104.0000000,5031.0000000,5096.5000000,254304
MGNT,D,20210312,000000,5100.0000000,5135.5000000,5074.5000000,5135.5000000,293522
MGNT,D,20210315,000000,5149.0000000,5217.5000000,5142.0000000,5217.5000000,394556
MGNT,D,20210316,000000,5207.0000000,5209.5000000,5132.5000000,5170.5000000,306942
MGNT,D,20210317,000000,5195.0000000,5309.0000000,5170.0000000,5274.5000000,583209
MGNT,D,20210318,000000,5283.5000000,5463.5000000,5275.0000000,5362.0000000,915441
MGNT,D,20210319,000000,5375.5000000,5494.0000000,5301.0000000,5428.5000000,828789
MGNT,D,20210322,000000,5435.0000000,5515.0000000,5374.0000000,5409.0000000,396221
MGNT,D,20210323,000000,5400.0000000,5446.5000000,5282.5000000,5300.5000000,446257
MGNT,D,20210324,000000,5318.0000000,5423.0000000,5308.0000000,5354.5000000,351371
MGNT,D,20210325,000000,5370.5000000,5397.0000000,5250.0000000,5294.5000000,254876
MGNT,D,20210326,000000,5301.0000000,5365.0000000,5289.5000000,5348.0000000,223178
MGNT,D,20210329,000000,5314.5000000,5354.0000000,5256.0000000,5300.0000000,374734
MGNT,D,20210330,000000,5332.0000000,5332.0000000,5281.0000000,5281.0000000,129101
MGNT,D,20210331,000000,5282.5000000,5384.0000000,5268.0000000,5344.5000000,281065
MGNT,D,20210401,000000,5357.0000000,5375.5000000,5270.0000000,5293.5000000,262969
MGNT,D,20210402,000000,5295.5000000,5318.5000000,5273.0000000,5301.5000000,89435
MGNT,D,20210405,000000,5290.5000000,5297.0000000,5202.0000000,5254.5000000,214581
MGNT,D,20210406,000000,5259.0000000,5273.5000000,5096.0000000,5110.5000000,441607
MGNT,D,20210407,000000,5114.0000000,5147.0000000,5040.0000000,5080.0000000,523524
MGNT,D,20210408,000000,5080.5000000,5149.0000000,5033.5000000,5099.0000000,333972
MGNT,D,20210409,000000,5107.0000000,5159.0000000,5060.0000000,5135.0000000,335742
MGNT,D,20210412,000000,5147.0000000,5214.5000000,5125.0000000,5180.0000000,210750
MGNT,D,20210413,000000,5181.0000000,5188.5000000,5086.5000000,5134.5000000,402712
MGNT,D,20210414,000000,5137.0000000,5146.0000000,5070.5000000,5095.0000000,319263
MGNT,D,20210415,000000,5073.5000000,5132.0000000,5046.0000000,5111.5000000,287983
MGNT,D,20210416,000000,5135.0000000,5141.5000000,5083.0000000,5111.5000000,242272
MGNT,D,20210419,000000,5117.0000000,5139.0000000,5081.0000000,5095.5000000,170630
MGNT,D,20210420,000000,5102.0000000,5116.5000000,5054.0000000,5086.0000000,274908
MGNT,D,20210421,000000,5077.5000000,5156.5000000,5071.0000000,5140.0000000,298355
MGNT,D,20210422,000000,5129.5000000,5200.0000000,5100.0000000,5153.5000000,512716
MGNT,D,20210423,000000,5153.5000000,5302.5000000,5130.0000000,5258.0000000,656956
MGNT,D,20210426,000000,5306.0000000,5349.0000000,5255.0000000,5277.0000000,368435
MGNT,D,20210427,000000,5283.5000000,5334.0000000,5215.0000000,5255.0000000,315832
MGNT,D,20210428,000000,5255.0000000,5273.5000000,5166.0000000,5226.0000000,218274
MGNT,D,20210429,000000,5231.0000000,5265.0000000,5083.0000000,5113.5000000,366747
MGNT,D,20210430,000000,5116.5000000,5137.0000000,5070.0000000,5119.0000000,293771
MGNT,D,20210504,000000,5135.0000000,5208.5000000,5131.5000000,5195.0000000,301887
MGNT,D,20210505,000000,5200.5000000,5254.5000000,5144.5000000,5211.0000000,401030
MGNT,D,20210506,000000,5215.0000000,5218.0000000,5135.0000000,5170.0000000,293274
MGNT,D,20210507,000000,5167.5000000,5170.0000000,5093.0000000,5129.5000000,272200
MGNT,D,20210510,000000,5127.5000000,5135.0000000,5065.0000000,5091.5000000,352679
MGNT,D,20210511,000000,5090.0000000,5171.5000000,5081.0000000,5156.0000000,350973
MGNT,D,20210512,000000,5145.0000000,5158.0000000,5065.5000000,5099.5000000,479750
MGNT,D,20210513,000000,5099.0000000,5154.0000000,5089.5000000,5122.0000000,319780
MGNT,D,20210514,000000,5122.5000000,5203.0000000,5122.5000000,5155.5000000,279172
MGNT,D,20210517,000000,5155.0000000,5200.0000000,5103.5000000,5149.5000000,232862
MGNT,D,20210518,000000,5164.5000000,5395.0000000,5153.0000000,5256.0000000,2440178
MGNT,D,20210519,000000,5260.5000000,5301.0000000,5151.0000000,5226.5000000,516892
MGNT,D,20210520,000000,5232.0000000,5241.5000000,5141.5000000,5161.0000000,335771
MGNT,D,20210521,000000,5163.0000000,5315.0000000,5163.0000000,5300.5000000,591373
MGNT,D,20210524,000000,5317.0000000,5345.0000000,5265.5000000,5282.0000000,296527
MGNT,D,20210525,000000,5279.5000000,5348.0000000,5255.5000000,5331.0000000,283530
MGNT,D,20210526,000000,5330.5000000,5410.0000000,5317.0000000,5346.5000000,357235
MGNT,D,20210527,000000,5330.0000000,5385.0000000,5300.0000000,5362.0000000,354701
MGNT,D,20210528,000000,5378.0000000,5433.0000000,5361.5000000,5409.5000000,335283
MGNT,D,20210531,000000,5420.0000000,5474.5000000,5420.0000000,5460.5000000,243315
MGNT,D,20210601,000000,5480.0000000,5524.5000000,5442.0000000,5469.5000000,402900
MGNT,D,20210602,000000,5476.0000000,5500.0000000,5432.0000000,5471.5000000,257450
MGNT,D,20210603,000000,5466.5000000,5502.0000000,5439.0000000,5459.0000000,299888
MGNT,D,20210604,000000,5476.5000000,5476.5000000,5382.5000000,5445.0000000,321749
MGNT,D,20210607,000000,5445.0000000,5471.0000000,5390.5000000,5417.0000000,240113
MGNT,D,20210608,000000,5430.5000000,5452.5000000,5338.5000000,5396.0000000,325771
MGNT,D,20210609,000000,5400.0000000,5403.0000000,5345.0000000,5384.5000000,194043
MGNT,D,20210610,000000,5385.0000000,5398.5000000,5315.0000000,5379.5000000,295036
MGNT,D,20210611,000000,5384.5000000,5459.5000000,5345.0000000,5405.0000000,430067
MGNT,D,20210614,000000,5394.0000000,5460.0000000,5392.5000000,5449.0000000,235351
MGNT,D,20210615,000000,5455.0000000,5499.0000000,5422.5000000,5457.5000000,354744
MGNT,D,20210616,000000,5460.0000000,5505.0000000,5451.0000000,5486.0000000,494842
MGNT,D,20210617,000000,5466.5000000,5568.5000000,5462.0000000,5559.0000000,506767
MGNT,D,20210618,000000,5555.5000000,5685.0000000,5460.0000000,5605.0000000,685824
MGNT,D,20210621,000000,5595.0000000,5670.0000000,5586.0000000,5650.0000000,510133
MGNT,D,20210622,000000,5675.0000000,5686.5000000,5585.5000000,5606.0000000,517615
MGNT,D,20210623,000000,5607.0000000,5628.0000000,5550.0000000,5569.0000000,732605
MGNT,D,20210624,000000,5323.0000000,5363.0000000,5275.0000000,5319.5000000,602009
MGNT,D,20210625,000000,5323.0000000,5335.5000000,5290.0000000,5324.5000000,181667
MGNT,D,20210628,000000,5314.5000000,5339.0000000,5296.0000000,5302.5000000,267538
MGNT,D,20210629,000000,5284.5000000,5371.5000000,5270.0000000,5324.0000000,233777
MGNT,D,20210630,000000,5353.0000000,5355.0000000,5280.0000000,5301.0000000,247627
MGNT,D,20210701,000000,5290.0000000,5324.0000000,5271.0000000,5282.5000000,174350
MGNT,D,20210702,000000,5288.5000000,5303.0000000,5225.5000000,5250.0000000,300406
MGNT,D,20210705,000000,5261.0000000,5283.0000000,5221.0000000,5232.0000000,196005
MGNT,D,20210706,000000,5230.0000000,5311.0000000,5202.0000000,5241.0000000,371745
MGNT,D,20210707,000000,5264.5000000,5328.0000000,5239.5000000,5310.0000000,303941
MGNT,D,20210708,000000,5310.0000000,5357.5000000,5245.0000000,5344.0000000,307485
MGNT,D,20210709,000000,5352.0000000,5368.0000000,5302.0000000,5322.5000000,237858
MGNT,D,20210712,000000,5329.5000000,5370.0000000,5320.0000000,5365.0000000,136407
MGNT,D,20210713,000000,5369.0000000,5417.5000000,5344.5000000,5416.5000000,323005
MGNT,D,20210714,000000,5423.0000000,5425.0000000,5382.5000000,5385.0000000,189647
MGNT,D,20210715,000000,5385.0000000,5437.5000000,5287.5000000,5308.0000000,326007
MGNT,D,20210716,000000,5308.0000000,5335.0000000,5205.0000000,5235.0000000,295663
MGNT,D,20210719,000000,5214.0000000,5237.0000000,5055.5000000,5099.0000000,402003
MGNT,D,20210720,000000,5109.5000000,5133.0000000,5067.5000000,5096.5000000,174190
MGNT,D,20210721,000000,5110.0000000,5149.0000000,5080.0000000,5142.0000000,151683
MGNT,D,20210722,000000,5152.0000000,5159.5000000,5071.0000000,5128.0000000,218313
MGNT,D,20210723,000000,5136.5000000,5168.0000000,5104.0000000,5130.0000000,183417
MGNT,D,20210726,000000,5119.0000000,5215.0000000,5097.0000000,5215.0000000,279104
MGNT,D,20210727,000000,5225.0000000,5247.5000000,5155.5000000,5198.5000000,255886
MGNT,D,20210728,000000,5209.5000000,5278.5000000,5200.0000000,5265.0000000,235611
MGNT,D,20210729,000000,5307.5000000,5375.0000000,5261.0000000,5347.0000000,292396
MGNT,D,20210730,000000,5340.0000000,5399.5000000,5326.5000000,5337.0000000,346837
MGNT,D,20210802,000000,5361.0000000,5376.0000000,5306.0000000,5321.0000000,216911
MGNT,D,20210803,000000,5344.0000000,5395.0000000,5324.0000000,5383.0000000,234165
MGNT,D,20210804,000000,5398.0000000,5456.0000000,5386.5000000,5415.0000000,297281
MGNT,D,20210805,000000,5415.0000000,5515.0000000,5404.5000000,5489.5000000,506706
MGNT,D,20210806,000000,5496.0000000,5510.0000000,5455.0000000,5458.5000000,185302
MGNT,D,20210809,000000,5452.0000000,5494.5000000,5416.0000000,5457.0000000,278355
MGNT,D,20210810,000000,5468.0000000,5484.5000000,5432.5000000,5458.0000000,304453
MGNT,D,20210811,000000,5468.5000000,5507.0000000,5440.0000000,5465.0000000,240920
MGNT,D,20210812,000000,5474.5000000,5545.0000000,5453.5000000,5537.5000000,444306
MGNT,D,20210813,000000,5546.0000000,5611.0000000,5433.0000000,5504.5000000,837796
MGNT,D,20210816,000000,5463.5000000,5487.0000000,5380.0000000,5466.0000000,346230
MGNT,D,20210817,000000,5471.5000000,5568.0000000,5471.5000000,5523.5000000,303759
MGNT,D,20210818,000000,5530.0000000,5620.0000000,5518.0000000,5555.0000000,269970
MGNT,D,20210819,000000,5540.0000000,5598.0000000,5514.0000000,5573.0000000,275808
MGNT,D,20210820,000000,5570.5000000,5584.5000000,5530.0000000,5532.0000000,100666
MGNT,D,20210823,000000,5561.5000000,5584.0000000,5527.5000000,5545.0000000,160716
MGNT,D,20210824,000000,5558.5000000,5638.0000000,5553.0000000,5634.0000000,374893
MGNT,D,20210825,000000,5634.0000000,5650.0000000,5574.5000000,5583.0000000,270661
MGNT,D,20210826,000000,5580.5000000,5633.5000000,5551.0000000,5619.0000000,217540
MGNT,D,20210827,000000,5620.5000000,5636.0000000,5584.0000000,5601.0000000,224469
MGNT,D,20210830,000000,5601.0000000,5623.5000000,5544.0000000,5591.0000000,230782
MGNT,D,20210831,000000,5599.5000000,5634.0000000,5530.0000000,5539.5000000,262975
MGNT,D,20210901,000000,5539.5000000,5584.5000000,5501.0000000,5547.5000000,205833
MGNT,D,20210902,000000,5548.0000000,5581.5000000,5481.0000000,5565.5000000,189545
MGNT,D,20210903,000000,5569.0000000,5592.0000000,5452.0000000,5517.5000000,240189
MGNT,D,20210906,000000,5498.0000000,5514.5000000,5429.0000000,5440.0000000,195071
MGNT,D,20210907,000000,5452.5000000,5461.5000000,5320.0000000,5328.5000000,397942
