10/18/21, 82.51, 82.85, 82.19, 82.81
10/15/21, 83.09, 83.09, 82.25, 82.33
10/14/21, 83.55, 83.64, 82.72, 82.80
10/13/21, 82.85, 83.59, 82.77, 83.59
10/12/21, 82.95, 83.18, 82.77, 82.88
10/11/21, 83.14, 83.28, 82.75, 82.92
10/08/21, 82.94, 83.34, 82.86, 83.13
10/07/21, 83.70, 83.82, 82.84, 82.96
10/06/21, 83.88, 84.03, 83.51, 83.74
10/05/21, 84.19, 84.31, 83.79, 83.87
10/04/21, 84.27, 84.81, 84.15, 84.21
10/01/21, 84.21, 84.87, 84.10, 84.25
09/30/21, 84.54, 84.65, 84.10, 84.22
09/29/21, 85.03, 85.24, 84.48, 84.53
09/28/21, 85.01, 85.32, 84.58, 85.03
09/27/21, 85.53, 85.62, 84.76, 85.04
09/24/21, 85.35, 85.75, 84.99, 85.00
09/23/21, 85.38, 85.59, 85.09, 85.48
09/22/21, 85.80, 85.80, 85.22, 85.39
09/21/21, 85.86, 86.36, 85.53, 85.72
09/20/21, 85.48, 86.35, 85.25, 86.17
09/17/21, 85.23, 85.67, 85.10, 85.45
09/16/21, 85.40, 85.54, 85.09, 85.30
09/15/21, 86.24, 86.60, 85.34, 85.41
09/14/21, 85.85, 86.29, 85.72, 86.24
09/13/21, 86.43, 86.47, 85.73, 85.82
09/10/21, 86.26, 86.56, 86.02, 86.44
09/09/21, 86.62, 86.73, 86.10, 86.23
09/08/21, 86.87, 87.15, 86.44, 86.64
09/07/21, 86.75, 87.02, 86.60, 86.87
09/06/21, 86.51, 86.72, 86.40, 86.69
09/03/21, 86.56, 86.85, 86.32, 86.52
09/02/21, 86.49, 86.62, 86.16, 86.58
09/01/21, 86.73, 86.85, 86.23, 86.50
08/31/21, 86.74, 86.89, 86.42, 86.74
08/30/21, 86.26, 86.94, 86.26, 86.72
08/27/21, 87.30, 87.39, 86.40, 86.40
08/26/21, 87.01, 87.53, 86.80, 87.31
08/25/21, 86.69, 87.15, 86.51, 87.03
08/24/21, 87.10, 87.13, 86.61, 86.74
08/23/21, 86.62, 87.12, 86.44, 87.07
08/20/21, 86.67, 87.08, 86.45, 86.47
08/19/21, 86.40, 86.90, 86.27, 86.72
08/18/21, 86.15, 86.53, 85.95, 86.40
08/17/21, 86.37, 86.63, 86.00, 86.18
08/16/21, 86.49, 86.66, 86.24, 86.36
08/13/21, 86.34, 86.50, 86.15, 86.48
08/12/21, 86.27, 86.48, 86.11, 86.35
08/11/21, 86.69, 86.88, 86.11, 86.27
08/10/21, 86.45, 86.78, 86.24, 86.71
08/09/21, 85.96, 86.61, 85.94, 86.47
08/06/21, 86.52, 86.65, 85.95, 85.95
08/05/21, 86.63, 86.86, 86.43, 86.52
08/04/21, 86.61, 86.86, 86.27, 86.63
08/03/21, 86.66, 86.89, 86.47, 86.62
08/02/21, 86.82, 87.08, 86.39, 86.71
07/30/21, 87.11, 87.29, 86.52, 86.82
07/29/21, 87.09, 87.22, 86.75, 87.05
07/28/21, 87.16, 87.20, 86.70, 87.14
07/27/21, 87.10, 87.37, 86.87, 87.17
07/26/21, 87.03, 87.47, 86.72, 87.01
07/23/21, 86.72, 86.98, 86.50, 86.95
07/22/21, 87.24, 87.35, 86.67, 86.69
07/21/21, 87.68, 87.84, 87.18, 87.24
07/20/21, 88.21, 88.22, 87.44, 87.70
07/19/21, 87.44, 88.37, 87.44, 88.22
07/16/21, 87.89, 87.96, 87.36, 87.45
07/15/21, 87.74, 87.95, 87.49, 87.86
07/14/21, 87.57, 87.84, 87.30, 87.74
07/13/21, 88.33, 88.36, 87.42, 87.55
07/12/21, 88.37, 88.81, 88.14, 88.30
07/09/21, 88.54, 88.64, 87.93, 88.37
07/08/21, 88.11, 89.06, 87.89, 88.56
07/07/21, 88.14, 88.30, 87.45, 88.08
07/06/21, 87.16, 88.44, 86.77, 88.14
07/05/21, 86.82, 87.31, 86.78, 87.20
07/02/21, 87.02, 87.22, 86.71, 86.85
07/01/21, 86.74, 87.17, 86.25, 87.02
06/30/21, 86.61, 87.08, 86.43, 86.74
06/29/21, 86.27, 86.77, 85.96, 86.61
06/28/21, 86.20, 86.31, 85.95, 86.13
06/25/21, 86.27, 86.48, 86.06, 86.11
06/24/21, 86.46, 86.74, 86.06, 86.24
06/23/21, 87.05, 87.36, 86.51, 86.66
06/22/21, 87.15, 87.28, 86.93, 87.06
06/21/21, 86.21, 87.28, 86.20, 87.14
06/18/21, 86.10, 86.53, 85.75, 86.37
06/17/21, 87.17, 87.23, 86.04, 86.09
06/16/21, 87.59, 87.66, 86.83, 87.15
06/15/21, 87.40, 87.73, 87.02, 87.60
06/14/21, 87.20, 87.67, 87.09, 87.43
06/11/21, 87.48, 87.94, 86.94, 87.12
06/10/21, 88.14, 88.39, 87.32, 87.44
06/09/21, 87.99, 88.22, 87.69, 88.15
06/08/21, 88.84, 88.89, 87.95, 87.98
06/07/21, 88.65, 89.14, 88.47, 88.82
06/04/21, 88.82, 88.94, 88.53, 88.61
06/03/21, 89.32, 89.39, 88.76, 88.82
06/02/21, 89.99, 90.12, 89.24, 89.30
06/01/21, 89.75, 90.06, 89.43, 90.00
05/31/21, 89.26, 89.85, 89.13, 89.76
05/28/21, 89.58, 89.75, 89.11, 89.25
05/27/21, 89.69, 89.84, 89.42, 89.58
05/26/21, 90.04, 90.17, 89.56, 89.64
05/25/21, 89.81, 90.09, 89.64, 90.05
05/24/21, 89.67, 90.19, 89.53, 89.74
05/21/21, 90.02, 90.12, 89.36, 89.68
05/20/21, 89.83, 90.14, 89.69, 90.01
05/19/21, 90.02, 90.49, 89.79, 89.83
05/18/21, 89.81, 90.31, 89.68, 90.03
05/17/21, 89.85, 90.17, 89.55, 89.79
05/14/21, 89.51, 89.92, 89.36, 89.89
05/13/21, 90.16, 90.26, 89.20, 89.48
05/12/21, 90.09, 90.26, 89.76, 90.19
05/11/21, 90.16, 90.39, 89.82, 90.10
05/10/21, 89.66, 90.29, 89.27, 90.17
05/07/21, 89.59, 89.84, 89.36, 89.72
05/06/21, 89.81, 89.97, 89.41, 89.63
05/05/21, 89.78, 90.18, 89.43, 89.80
05/04/21, 90.69, 90.86, 89.77, 89.79
05/03/21, 90.46, 91.40, 90.21, 90.45
04/30/21, 90.52, 90.92, 90.22, 90.51
04/29/21, 90.25, 90.58, 89.94, 90.53
04/28/21, 90.70, 90.81, 89.99, 90.26
04/27/21, 90.67, 90.91, 90.31, 90.69
04/26/21, 90.57, 91.34, 90.28, 90.68
04/23/21, 90.63, 90.88, 90.04, 90.58
04/22/21, 92.30, 92.70, 90.39, 90.60
04/21/21, 92.60, 93.00, 91.68, 92.30
04/20/21, 91.90, 92.74, 91.65, 92.61
04/19/21, 90.62, 92.01, 90.53, 91.94
04/16/21, 91.51, 92.11, 90.15, 90.60
04/15/21, 90.83, 92.88, 90.81, 91.38
04/14/21, 91.16, 91.32, 90.30, 90.80
04/13/21, 92.10, 92.22, 90.55, 91.06
04/12/21, 92.00, 92.44, 91.70, 92.12
04/09/21, 91.53, 92.22, 91.47, 92.15
04/08/21, 91.34, 91.91, 91.10, 91.60
04/07/21, 91.83, 92.74, 91.18, 91.37
04/06/21, 90.22, 91.84, 89.97, 91.83
04/05/21, 89.77, 90.34, 89.51, 90.22
04/02/21, 89.46, 89.99, 89.20, 89.89
04/01/21, 88.75, 89.99, 88.62, 89.69
03/31/21, 88.86, 89.13, 88.22, 88.74
03/30/21, 89.10, 89.41, 88.68, 88.86
03/29/21, 89.88, 89.88, 88.94, 88.97
03/26/21, 89.70, 89.85, 89.08, 89.47
03/25/21, 90.49, 90.69, 89.50, 89.69
03/24/21, 90.54, 91.16, 89.64, 90.48
03/23/21, 89.25, 90.80, 89.21, 90.55
03/22/21, 88.72, 89.59, 88.16, 89.24
03/19/21, 88.51, 88.76, 87.72, 88.22
03/18/21, 88.29, 88.66, 87.89, 88.50
03/17/21, 86.63, 88.42, 86.56, 88.34
03/16/21, 86.89, 87.13, 86.51, 86.64
03/15/21, 87.61, 87.88, 86.81, 86.89
03/12/21, 87.95, 87.99, 87.48, 87.56
03/11/21, 87.88, 88.39, 87.63, 87.99
03/10/21, 88.27, 88.57, 87.59, 87.83
03/09/21, 88.34, 88.49, 87.83, 88.07
03/08/21, 88.61, 88.82, 88.00, 88.18
03/05/21, 89.26, 89.45, 88.30, 88.57
03/04/21, 88.98, 89.71, 88.36, 89.35
03/03/21, 89.22, 89.45, 88.77, 89.28
03/02/21, 89.57, 89.73, 88.53, 89.23
03/01/21, 90.07, 90.42, 89.00, 89.50
02/26/21, 90.82, 91.03, 89.68, 90.04
02/25/21, 89.50, 91.10, 89.34, 90.98
02/24/21, 89.93, 90.26, 89.31, 89.44
02/23/21, 90.24, 90.41, 89.64, 89.97
02/22/21, 89.73, 91.01, 89.53, 90.43
02/19/21, 89.31, 89.93, 89.28, 89.72
02/18/21, 88.82, 89.54, 88.64, 89.34
02/17/21, 89.10, 89.38, 88.72, 88.83
02/16/21, 88.93, 89.49, 88.79, 89.10
02/15/21, 89.27, 89.57, 88.78, 88.91
02/12/21, 89.40, 90.13, 89.15, 89.27
02/11/21, 89.60, 89.63, 89.25, 89.40
02/10/21, 89.59, 89.75, 89.33, 89.59
02/09/21, 89.62, 89.79, 89.28, 89.60
02/08/21, 89.86, 90.06, 89.26, 89.62
02/05/21, 90.38, 90.59, 89.47, 89.95
02/04/21, 91.27, 91.53, 90.26, 90.38
02/03/21, 91.78, 91.92, 91.09, 91.27
02/02/21, 91.78, 91.96, 90.77, 91.73
02/01/21, 92.19, 92.19, 91.20, 91.80
01/29/21, 92.17, 92.48, 91.41, 92.20
01/28/21, 91.87, 92.52, 91.63, 92.21
01/27/21, 91.30, 91.97, 90.97, 91.88
01/26/21, 91.53, 91.86, 91.14, 91.34
01/25/21, 91.64, 92.33, 90.83, 91.53
01/22/21, 90.00, 91.72, 89.94, 91.62
01/21/21, 88.95, 90.05, 88.80, 90.05
01/20/21, 89.55, 89.68, 88.83, 88.97
01/19/21, 89.28, 89.74, 89.06, 89.51
01/18/21, 88.79, 89.68, 88.79, 89.32
01/15/21, 89.10, 89.42, 88.75, 88.79
01/14/21, 89.80, 89.97, 88.82, 89.09
01/13/21, 89.67, 90.08, 89.43, 89.80
01/12/21, 90.80, 90.85, 89.43, 89.67
01/11/21, 90.53, 91.12, 90.26, 90.79
01/08/21, 91.69, 91.72, 90.49, 90.52
01/07/21, 91.13, 91.96, 90.55, 91.70
01/06/21, 91.24, 91.42, 90.37, 91.18
01/05/21, 91.26, 92.34, 90.82, 91.37
01/04/21, 90.04, 91.42, 89.76, 91.31
01/01/21, 90.44, 90.44, 89.65, 90.04
12/31/20, 91.44, 92.45, 90.34, 90.42
12/30/20, 90.43, 92.11, 90.21, 91.44
12/29/20, 90.17, 90.81, 89.88, 90.56
12/28/20, 90.97, 90.97, 89.85, 90.13
12/25/20, 90.22, 91.20, 89.77, 90.97
12/24/20, 91.41, 91.86, 89.99, 90.22
12/23/20, 92.35, 92.65, 91.16, 91.41
12/22/20, 91.48, 92.49, 91.05, 92.35
12/21/20, 89.72, 91.87, 89.62, 91.48
12/18/20, 89.50, 90.55, 89.41, 90.00
12/17/20, 89.59, 89.63, 88.84, 89.53
12/16/20, 88.89, 89.87, 88.89, 89.47
12/15/20, 89.68, 90.21, 88.95, 88.99
12/14/20, 88.62, 89.94, 88.42, 89.72
12/11/20, 88.69, 88.97, 88.32, 88.60
12/10/20, 88.99, 89.32, 88.45, 88.69
12/09/20, 88.89, 89.45, 88.75, 89.00
12/08/20, 89.27, 89.57, 88.59, 88.90
12/07/20, 89.69, 90.19, 88.99, 89.29
12/04/20, 90.43, 90.74, 89.66, 89.85
12/03/20, 90.93, 91.39, 90.20, 90.43
12/02/20, 91.53, 91.88, 90.77, 90.96
12/01/20, 91.24, 91.63, 90.71, 91.50
11/30/20, 91.02, 91.57, 90.87, 91.23
11/27/20, 90.17, 91.02, 90.10, 91.02
11/26/20, 90.00, 90.35, 89.91, 90.19
11/25/20, 89.74, 90.45, 89.71, 90.02
11/24/20, 90.05, 90.47, 89.58, 89.76
11/23/20, 90.42, 90.69, 89.72, 90.15
11/20/20, 90.53, 90.79, 90.10, 90.36
11/19/20, 90.06, 90.58, 89.86, 90.51
11/18/20, 90.44, 90.69, 89.74, 90.08
11/17/20, 90.27, 90.99, 90.27, 90.44
11/16/20, 91.47, 91.78, 90.22, 90.28
11/13/20, 91.24, 91.91, 90.99, 91.59
11/12/20, 90.79, 91.47, 90.56, 91.22
11/11/20, 90.44, 90.84, 89.65, 90.82
11/10/20, 90.20, 90.82, 89.96, 90.41
11/09/20, 91.93, 92.33, 89.77, 90.21
11/06/20, 90.94, 92.52, 90.59, 91.95
11/05/20, 90.92, 92.48, 90.73, 90.92
11/04/20, 92.75, 93.18, 90.76, 90.93
11/03/20, 93.76, 93.95, 92.69, 92.78
11/02/20, 92.69, 94.11, 92.46, 93.76
10/30/20, 92.11, 92.88, 91.98, 92.48
10/29/20, 92.80, 93.41, 91.90, 92.11
10/28/20, 91.15, 93.11, 90.83, 92.81
10/27/20, 90.21, 91.33, 90.03, 91.17
10/26/20, 90.41, 90.67, 89.84, 90.20
10/23/20, 90.53, 90.75, 90.13, 90.41
10/22/20, 90.92, 91.75, 90.30, 90.55
10/21/20, 91.43, 91.63, 90.88, 90.93
10/20/20, 91.59, 92.17, 91.29, 91.44
10/19/20, 91.30, 91.68, 90.82, 91.59
10/16/20, 91.33, 91.83, 91.13, 91.17
10/15/20, 91.37, 91.84, 91.25, 91.34
10/14/20, 90.49, 91.37, 90.34, 91.36
10/13/20, 91.02, 91.23, 90.35, 90.50
10/12/20, 90.82, 91.17, 90.67, 91.01
10/09/20, 90.99, 91.19, 90.53, 90.83
10/08/20, 91.80, 91.99, 90.85, 90.97
10/07/20, 91.92, 92.34, 91.66, 91.81
10/06/20, 92.04, 92.71, 91.63, 91.93
10/05/20, 91.61, 92.74, 91.33, 92.04
10/02/20, 90.74, 92.29, 90.50, 91.62
10/01/20, 91.02, 91.37, 90.44, 90.75
09/30/20, 92.88, 93.21, 90.91, 91.00
09/29/20, 92.28, 93.33, 91.99, 92.87
09/28/20, 90.90, 92.44, 90.66, 92.29
09/25/20, 89.91, 91.25, 89.55, 90.90
09/24/20, 89.86, 90.25, 89.45, 89.92
09/23/20, 89.09, 90.01, 88.72, 89.85
09/22/20, 89.65, 90.17, 89.00, 89.10
09/21/20, 89.63, 90.40, 89.41, 89.64
09/18/20, 88.96, 89.77, 88.70, 89.68
09/17/20, 88.52, 89.20, 88.14, 88.97
09/16/20, 88.85, 89.36, 88.34, 88.51
09/15/20, 89.31, 89.56, 88.72, 88.87
09/14/20, 88.69, 89.65, 88.42, 89.30
09/11/20, 88.80, 89.14, 88.54, 88.74
09/10/20, 88.90, 89.48, 88.71, 88.81
09/09/20, 89.81, 90.04, 88.86, 88.90
09/08/20, 89.50, 90.27, 89.21, 89.80
09/07/20, 89.21, 90.10, 89.04, 89.49
09/04/20, 89.22, 89.43, 88.77, 89.24
09/03/20, 89.25, 89.61, 88.66, 89.23
09/02/20, 87.78, 89.65, 87.46, 89.25
09/01/20, 88.30, 88.70, 87.66, 87.82
08/31/20, 88.19, 89.05, 87.61, 88.29
08/28/20, 88.56, 89.04, 87.99, 88.20
08/27/20, 89.55, 89.61, 88.35, 88.59
08/26/20, 89.03, 89.82, 88.96, 89.50
08/25/20, 87.92, 89.43, 87.80, 89.02
08/24/20, 88.27, 88.47, 87.73, 87.92
08/21/20, 87.57, 88.30, 87.49, 88.26
08/20/20, 86.76, 87.87, 86.55, 87.59
08/19/20, 87.24, 87.81, 86.60, 86.77
08/18/20, 87.48, 87.69, 86.80, 87.24
08/17/20, 86.32, 87.55, 86.24, 87.47
08/14/20, 86.13, 86.82, 86.09, 86.31
08/13/20, 86.84, 87.26, 86.04, 86.11
08/12/20, 85.83, 87.04, 85.73, 86.84
08/11/20, 86.23, 86.47, 85.64, 85.80
08/10/20, 86.93, 87.37, 86.18, 86.21
08/07/20, 87.17, 87.35, 86.64, 86.88
08/06/20, 86.60, 87.31, 86.32, 87.17
08/05/20, 86.70, 86.88, 86.29, 86.57
08/04/20, 86.04, 87.29, 85.86, 86.63
08/03/20, 87.62, 87.76, 85.99, 86.04
07/31/20, 86.61, 88.01, 86.61, 87.63
07/30/20, 85.57, 86.97, 85.36, 86.60
07/29/20, 84.97, 85.87, 84.77, 85.59
07/28/20, 84.14, 85.21, 83.79, 84.98
07/27/20, 83.58, 84.49, 83.44, 84.15
07/24/20, 82.86, 83.64, 82.63, 83.54
07/23/20, 82.25, 82.93, 82.08, 82.86
07/22/20, 81.46, 82.57, 81.40, 82.26
07/21/20, 81.76, 81.99, 80.87, 81.45
07/20/20, 81.96, 82.59, 81.49, 81.77
07/17/20, 81.46, 82.28, 81.35, 82.16
07/16/20, 80.94, 81.58, 80.64, 81.46
07/15/20, 80.94, 81.32, 80.64, 80.93
07/14/20, 80.56, 81.16, 80.29, 80.93
07/13/20, 79.93, 80.55, 79.93, 80.55
07/10/20, 79.95, 80.48, 79.80, 79.92
07/09/20, 80.65, 81.08, 79.94, 79.95
07/08/20, 80.40, 80.89, 80.15, 80.64
07/07/20, 81.22, 81.60, 80.35, 80.43
07/06/20, 80.38, 81.57, 79.96, 81.23
07/03/20, 79.33, 80.57, 79.04, 80.37
07/02/20, 79.64, 79.81, 79.05, 79.33
07/01/20, 79.99, 80.02, 79.48, 79.66
06/30/20, 78.71, 80.17, 78.61, 79.99
06/29/20, 78.29, 79.23, 78.20, 78.70
06/26/20, 77.55, 78.38, 77.36, 78.28
06/25/20, 78.27, 78.38, 77.42, 77.52
06/24/20, 77.80, 78.48, 77.70, 78.28
06/23/20, 77.83, 78.36, 77.55, 77.86
06/22/20, 77.61, 78.06, 77.61, 77.85
06/19/20, 78.31, 78.43, 77.60, 77.61
06/18/20, 78.45, 78.57, 77.86, 78.29
06/17/20, 78.45, 78.66, 78.07, 78.44
06/16/20, 78.77, 79.25, 77.96, 78.47
06/15/20, 78.50, 79.29, 78.23, 78.77
06/12/20, 79.27, 79.44, 78.19, 78.50
06/11/20, 77.91, 79.57, 77.64, 79.27
06/10/20, 77.92, 78.34, 77.68, 77.92
06/09/20, 77.06, 78.03, 76.95, 77.80
06/08/20, 77.55, 77.77, 76.89, 77.07
06/05/20, 78.38, 78.43, 77.17, 77.56
06/04/20, 77.06, 78.62, 76.82, 78.40
06/03/20, 76.70, 77.21, 76.49, 77.08
06/02/20, 76.88, 77.17, 76.60, 76.68
06/01/20, 77.86, 78.35, 76.84, 76.86
05/29/20, 78.11, 78.77, 77.87, 77.89
05/28/20, 78.16, 78.39, 77.77, 78.11
05/27/20, 77.77, 78.54, 77.52, 78.15
05/26/20, 78.10, 78.20, 77.50, 77.77
05/25/20, 78.06, 78.37, 77.63, 78.09
05/22/20, 77.71, 78.63, 77.60, 78.09
05/21/20, 78.07, 78.33, 77.52, 77.68
05/20/20, 79.11, 79.48, 78.03, 78.07
05/19/20, 79.32, 79.57, 79.02, 79.12
05/18/20, 79.62, 79.70, 78.74, 79.34
05/15/20, 79.43, 79.92, 78.99, 79.64
05/14/20, 80.05, 80.37, 79.34, 79.41
05/13/20, 79.88, 80.40, 79.46, 80.00
05/12/20, 79.63, 79.93, 79.20, 79.88
05/11/20, 80.47, 80.47, 79.29, 79.63
05/08/20, 80.08, 80.33, 79.25, 79.56
05/07/20, 80.42, 80.52, 79.34, 80.08
05/06/20, 79.90, 81.14, 79.44, 80.42
05/05/20, 81.56, 81.71, 79.79, 79.89
05/04/20, 83.42, 83.42, 81.51, 81.57
05/01/20, 81.48, 83.51, 81.29, 82.74
04/30/20, 79.42, 81.62, 79.02, 81.34
04/29/20, 80.26, 80.52, 79.37, 79.40
04/28/20, 80.64, 80.96, 80.20, 80.24
04/27/20, 80.71, 81.06, 80.33, 80.66
04/24/20, 80.62, 82.29, 79.81, 80.74
04/23/20, 82.17, 82.25, 80.12, 80.61
04/22/20, 83.69, 84.31, 82.07, 82.15
04/21/20, 82.05, 84.21, 81.66, 83.70
04/20/20, 80.53, 81.81, 80.44, 81.73
04/17/20, 80.45, 80.89, 79.50, 80.48
04/16/20, 81.68, 81.72, 80.25, 80.46
04/15/20, 80.17, 82.18, 79.94, 81.67
04/14/20, 80.32, 80.57, 79.79, 80.16
04/13/20, 80.70, 80.92, 79.93, 80.31
04/10/20, 81.13, 81.36, 80.10, 80.71
04/09/20, 81.49, 81.68, 79.58, 81.12
04/08/20, 82.31, 82.42, 81.31, 81.47
04/07/20, 82.07, 82.73, 81.75, 82.31
04/06/20, 82.83, 83.50, 81.97, 82.09
04/03/20, 83.84, 84.42, 82.65, 82.83
04/02/20, 86.27, 86.40, 83.82, 83.82
04/01/20, 86.56, 87.09, 85.85, 86.29
03/31/20, 87.77, 87.94, 85.42, 86.56
03/30/20, 87.98, 89.09, 87.52, 87.78
03/27/20, 85.49, 88.02, 85.41, 87.71
03/26/20, 85.08, 86.23, 84.69, 85.47
03/25/20, 84.49, 85.76, 83.46, 85.09
03/24/20, 85.35, 86.07, 84.28, 84.51
03/23/20, 86.08, 86.98, 84.76, 85.37
03/20/20, 84.61, 85.63, 83.31, 85.56
03/19/20, 88.23, 89.56, 83.88, 84.63
03/18/20, 82.96, 88.79, 82.66, 88.43
03/17/20, 83.32, 83.32, 81.83, 82.97
03/16/20, 80.93, 84.35, 80.36, 83.30
03/13/20, 83.78, 84.00, 80.06, 80.64
03/12/20, 82.06, 84.83, 81.45, 83.78
03/11/20, 80.38, 82.52, 80.13, 82.07
03/10/20, 85.25, 85.70, 80.22, 80.70
03/09/20, 77.38, 86.50, 77.38, 85.22
03/06/20, 76.01, 77.80, 75.59, 77.40
03/05/20, 73.75, 76.04, 73.48, 75.97
03/04/20, 73.79, 74.09, 72.87, 73.78
03/03/20, 73.84, 74.28, 73.10, 73.80
03/02/20, 73.79, 75.02, 73.26, 73.92
02/28/20, 72.91, 74.74, 72.83, 73.78
02/27/20, 71.17, 73.08, 71.17, 72.90
02/26/20, 71.03, 71.57, 70.59, 71.19
02/25/20, 70.88, 71.32, 70.21, 71.04
02/24/20, 69.49, 71.28, 69.49, 70.90
02/21/20, 69.20, 69.99, 69.15, 69.49
02/20/20, 68.65, 69.41, 68.63, 69.20
02/19/20, 68.91, 69.04, 68.52, 68.65
02/18/20, 68.80, 69.38, 68.72, 68.90
02/17/20, 68.81, 68.91, 68.51, 68.81
02/14/20, 69.07, 69.08, 68.68, 68.81
02/13/20, 68.76, 69.43, 68.71, 69.05
02/12/20, 69.18, 69.26, 68.67, 68.70
02/11/20, 69.95, 69.98, 69.06, 69.19
02/10/20, 70.21, 70.28, 69.70, 69.97
02/07/20, 69.56, 70.48, 69.38, 70.22
02/06/20, 69.17, 69.76, 68.88, 69.56
02/05/20, 69.64, 69.88, 68.89, 69.20
02/04/20, 70.43, 70.49, 69.39, 69.62
02/03/20, 70.98, 71.05, 70.13, 70.44
01/31/20, 69.69, 71.02, 69.50, 70.97
01/30/20, 68.86, 70.09, 68.81, 69.68
01/29/20, 68.61, 69.15, 68.51, 68.87
01/28/20, 69.40, 69.55, 68.57, 68.62
01/27/20, 68.46, 69.50, 68.46, 69.39
01/24/20, 68.45, 68.68, 68.12, 68.44
01/23/20, 68.62, 68.81, 68.42, 68.47
01/22/20, 68.63, 68.82, 68.45, 68.63
01/21/20, 68.34, 68.80, 68.30, 68.63
01/20/20, 68.29, 68.36, 68.14, 68.35
01/17/20, 68.66, 68.71, 68.11, 68.33
01/16/20, 68.47, 68.93, 68.41, 68.66
01/15/20, 68.35, 68.79, 68.30, 68.48
01/14/20, 68.20, 68.52, 68.07, 68.35
01/13/20, 67.88, 68.41, 67.72, 68.22
01/10/20, 68.08, 68.14, 67.66, 67.89
01/09/20, 68.03, 68.24, 67.90, 68.09
01/08/20, 69.12, 69.31, 67.89, 68.03
01/07/20, 69.22, 69.34, 68.90, 69.12
01/06/20, 69.25, 69.59, 69.07, 69.21
01/03/20, 68.94, 69.41, 68.92, 69.25
01/02/20, 69.37, 69.67, 68.93, 68.94
01/01/20, 69.60, 69.77, 68.88, 69.68
12/31/19, 69.45, 69.98, 69.43, 69.59
12/30/19, 69.36, 69.62, 68.99, 69.45
12/27/19, 69.09, 69.45, 68.81, 69.36
12/26/19, 69.36, 69.57, 68.41, 69.06
12/25/19, 68.69, 70.06, 68.30, 69.35
12/24/19, 69.09, 69.19, 68.58, 68.69
12/23/19, 68.99, 69.23, 68.92, 69.09
12/20/19, 69.39, 69.45, 68.79, 69.00
12/19/19, 69.58, 69.78, 69.28, 69.38
12/18/19, 69.56, 69.77, 69.41, 69.65
12/17/19, 69.62, 69.98, 69.54, 69.59
12/16/19, 69.89, 70.03, 69.51, 69.62
12/13/19, 69.83, 70.28, 69.49, 69.88
12/12/19, 70.50, 70.58, 69.73, 69.83
12/11/19, 70.44, 70.63, 70.35, 70.48
12/10/19, 70.31, 70.54, 70.28, 70.44
12/09/19, 70.41, 70.61, 70.29, 70.32
12/06/19, 70.74, 70.85, 70.29, 70.43
12/05/19, 70.80, 70.93, 70.67, 70.76
12/04/19, 71.00, 71.17, 70.69, 70.79
12/03/19, 71.14, 71.26, 70.95, 71.05
12/02/19, 70.92, 71.22, 70.78, 71.13
11/29/19, 70.54, 70.97, 70.48, 70.96
11/28/19, 70.35, 70.68, 70.34, 70.53
11/27/19, 70.53, 70.55, 70.29, 70.36
11/26/19, 70.42, 70.68, 70.28, 70.52
11/25/19, 70.25, 70.55, 70.25, 70.42
11/22/19, 70.45, 70.62, 70.33, 70.36
11/21/19, 70.69, 70.79, 70.40, 70.45
11/20/19, 70.75, 70.94, 70.59, 70.68
11/19/19, 70.71, 70.82, 70.43, 70.74
11/18/19, 70.49, 70.77, 70.44, 70.72
11/15/19, 70.48, 70.57, 70.31, 70.45
11/14/19, 70.82, 70.87, 70.36, 70.47
11/13/19, 70.73, 71.00, 70.59, 70.82
11/12/19, 70.47, 70.82, 70.38, 70.75
11/11/19, 70.31, 70.60, 70.27, 70.51
11/08/19, 70.19, 70.62, 70.19, 70.27
11/07/19, 70.66, 70.74, 70.00, 70.20
11/06/19, 70.30, 70.91, 70.23, 70.68
11/05/19, 70.70, 70.73, 70.21, 70.29
11/04/19, 70.96, 70.96, 70.47, 70.71
11/01/19, 71.53, 71.63, 70.76, 70.94
10/31/19, 71.04, 71.55, 71.03, 71.54
10/30/19, 71.08, 71.35, 70.90, 71.05
10/29/19, 70.79, 71.09, 70.66, 71.08
10/28/19, 70.86, 70.92, 70.49, 70.77
10/25/19, 71.06, 71.18, 70.56, 70.78
10/24/19, 71.18, 71.40, 71.07, 71.15
10/23/19, 70.90, 71.22, 70.81, 71.16
10/22/19, 71.09, 71.20, 70.74, 70.90
10/21/19, 71.32, 71.40, 70.98, 71.09
10/18/19, 71.32, 71.43, 71.09, 71.26
10/17/19, 71.00, 71.47, 70.78, 71.31
10/16/19, 70.96, 71.22, 70.78, 70.99
10/15/19, 70.81, 71.07, 70.72, 70.94
10/14/19, 70.88, 71.06, 70.72, 70.84
10/11/19, 70.93, 71.06, 70.63, 70.87
10/10/19, 71.19, 71.52, 70.92, 70.94
10/09/19, 71.44, 71.58, 71.14, 71.19
10/08/19, 71.30, 71.84, 71.13, 71.45
10/07/19, 70.99, 71.39, 70.81, 71.30
10/04/19, 71.42, 71.53, 70.83, 70.99
10/03/19, 71.41, 71.86, 71.19, 71.41
10/02/19, 71.29, 71.56, 71.08, 71.42
10/01/19, 70.68, 71.55, 70.53, 71.29
09/30/19, 70.73, 70.90, 70.58, 70.66
09/27/19, 70.17, 70.99, 70.09, 70.74
09/26/19, 70.24, 70.54, 70.08, 70.15
09/25/19, 70.59, 70.81, 70.18, 70.26
09/24/19, 70.19, 70.54, 69.92, 70.51
09/23/19, 70.53, 70.77, 70.10, 70.20
09/20/19, 70.70, 70.89, 70.28, 70.53
09/19/19, 70.80, 71.11, 70.52, 70.68
09/18/19, 71.37, 71.43, 70.74, 70.80
09/17/19, 70.44, 71.37, 70.38, 71.36
09/16/19, 71.79, 71.79, 70.21, 70.42
09/13/19, 71.79, 71.84, 71.09, 71.34
09/12/19, 72.15, 72.22, 70.98, 71.77
09/11/19, 72.24, 72.36, 71.82, 72.08
09/10/19, 72.42, 72.45, 72.05, 72.25
09/09/19, 73.24, 73.24, 72.09, 72.40
09/06/19, 73.06, 73.11, 72.43, 72.58
09/05/19, 73.01, 73.15, 72.67, 73.06
09/04/19, 73.28, 73.34, 72.84, 73.03
09/03/19, 73.25, 73.63, 72.98, 73.28
09/02/19, 73.45, 73.54, 73.07, 73.24
08/30/19, 73.32, 73.63, 73.21, 73.32
08/29/19, 74.01, 74.13, 73.44, 73.57
08/28/19, 73.71, 74.27, 73.57, 74.01
08/27/19, 73.38, 74.01, 73.30, 73.70
08/26/19, 74.22, 74.22, 73.19, 73.37
08/23/19, 72.72, 73.75, 72.49, 73.53
08/22/19, 72.93, 73.09, 72.64, 72.72
08/21/19, 73.80, 73.86, 72.86, 72.93
08/20/19, 74.20, 74.30, 73.71, 73.82
08/19/19, 73.91, 74.42, 73.47, 74.19
08/16/19, 73.36, 73.85, 73.00, 73.79
08/15/19, 73.62, 74.27, 73.19, 73.36
08/14/19, 72.54, 73.67, 72.50, 73.58
08/13/19, 73.41, 73.90, 72.42, 72.48
08/12/19, 73.82, 73.82, 73.01, 73.40
08/09/19, 72.71, 73.52, 72.61, 73.09
08/08/19, 73.18, 73.41, 72.70, 72.73
08/07/19, 73.10, 73.79, 72.66, 73.18
08/06/19, 73.35, 74.39, 72.67, 73.16
08/05/19, 72.65, 73.50, 72.16, 73.35
08/02/19, 71.34, 72.64, 70.80, 72.41
08/01/19, 70.50, 71.43, 70.12, 71.35
07/31/19, 70.87, 70.94, 70.20, 70.52
07/30/19, 70.71, 71.04, 70.53, 70.86
07/29/19, 70.62, 70.78, 70.28, 70.71
07/26/19, 70.48, 70.60, 70.13, 70.40
07/25/19, 70.47, 70.71, 69.97, 70.48
07/24/19, 70.49, 70.54, 70.19, 70.47
07/23/19, 70.73, 70.92, 70.40, 70.48
07/22/19, 70.80, 71.05, 70.53, 70.74
07/19/19, 70.80, 71.06, 70.62, 70.71
07/18/19, 70.59, 70.97, 70.52, 70.80
07/17/19, 70.63, 70.73, 70.39, 70.60
07/16/19, 70.54, 70.75, 70.35, 70.63
07/15/19, 71.17, 71.21, 70.47, 70.53
07/12/19, 70.69, 71.08, 70.67, 71.00
07/11/19, 71.02, 71.25, 70.65, 70.70
07/10/19, 71.52, 71.66, 71.03, 71.03
07/09/19, 71.39, 71.65, 71.27, 71.52
07/08/19, 71.66, 71.81, 71.17, 71.39
07/05/19, 71.63, 71.77, 71.40, 71.62
07/04/19, 71.42, 71.68, 71.40, 71.62
07/03/19, 71.44, 71.88, 71.37, 71.39
07/02/19, 71.02, 71.61, 70.94, 71.46
07/01/19, 72.07, 72.19, 71.04, 71.05
06/28/19, 71.70, 71.95, 71.52, 71.93
06/27/19, 71.64, 71.81, 71.32, 71.70
06/26/19, 71.47, 71.86, 71.29, 71.67
06/25/19, 71.32, 71.66, 71.17, 71.47
06/24/19, 71.83, 71.98, 71.28, 71.31
06/21/19, 71.04, 72.04, 70.97, 71.75
06/20/19, 71.56, 71.83, 70.97, 70.97
06/19/19, 71.65, 71.77, 71.52, 71.55
06/18/19, 72.14, 72.39, 71.56, 71.71
06/17/19, 72.35, 72.35, 71.98, 72.15
06/14/19, 72.82, 72.90, 72.12, 72.22
06/13/19, 73.26, 73.29, 72.73, 72.83
06/12/19, 73.09, 73.52, 73.09, 73.26
06/11/19, 73.21, 73.29, 72.93, 73.10
06/10/19, 73.48, 73.80, 73.06, 73.22
06/07/19, 73.44, 73.64, 73.10, 73.44
06/06/19, 73.30, 73.62, 73.18, 73.44
06/05/19, 73.33, 73.55, 73.22, 73.28
06/04/19, 73.47, 73.68, 73.17, 73.31
06/03/19, 73.19, 73.57, 72.94, 73.41
05/31/19, 72.49, 73.20, 72.49, 73.15
05/30/19, 72.26, 72.61, 72.17, 72.52
05/29/19, 72.20, 72.86, 72.16, 72.30
05/28/19, 72.08, 72.36, 72.00, 72.19
05/27/19, 72.23, 72.36, 72.01, 72.01
05/24/19, 72.54, 72.58, 72.09, 72.26
05/23/19, 71.73, 72.58, 71.71, 72.53
05/22/19, 71.89, 71.95, 71.66, 71.70
05/21/19, 72.03, 72.10, 71.86, 71.91
05/20/19, 72.30, 72.40, 71.92, 72.07
05/17/19, 72.22, 72.36, 72.12, 72.22
05/16/19, 72.43, 72.54, 71.98, 72.21
05/15/19, 72.74, 72.85, 72.23, 72.44
05/14/19, 73.42, 73.56, 72.71, 72.73
05/13/19, 73.20, 73.68, 73.17, 73.41
05/10/19, 73.19, 73.60, 73.06, 73.16
05/09/19, 72.77, 73.64, 72.71, 73.16
05/08/19, 73.19, 73.31, 72.70, 72.80
05/07/19, 73.04, 73.27, 72.70, 73.18
05/06/19, 72.74, 73.33, 72.72, 73.06
05/03/19, 73.06, 73.31, 72.67, 72.92
05/02/19, 72.60, 73.43, 72.46, 73.06
05/01/19, 72.46, 72.85, 72.41, 72.59
04/30/19, 72.10, 72.77, 72.07, 72.47
04/29/19, 72.24, 72.32, 71.86, 72.14
04/26/19, 72.00, 72.42, 71.86, 72.24
04/25/19, 71.88, 72.32, 71.65, 71.99
04/24/19, 71.52, 72.03, 71.42, 71.88
04/23/19, 71.81, 71.90, 71.40, 71.54
04/22/19, 71.96, 72.04, 71.67, 71.81
04/19/19, 71.74, 72.10, 71.71, 71.96
04/18/19, 72.09, 72.45, 71.72, 71.76
04/17/19, 72.28, 72.48, 72.07, 72.08
04/16/19, 72.69, 72.80, 72.23, 72.28
04/15/19, 72.77, 72.88, 72.61, 72.70
04/12/19, 72.74, 72.97, 72.59, 72.77
04/11/19, 72.47, 72.86, 72.44, 72.71
04/10/19, 73.15, 73.20, 72.38, 72.47
04/09/19, 73.07, 73.26, 72.89, 73.15
04/08/19, 73.33, 73.53, 73.00, 73.06
04/05/19, 73.40, 73.59, 73.16, 73.33
04/04/19, 73.28, 73.58, 73.20, 73.39
04/03/19, 73.22, 73.46, 73.08, 73.29
04/02/19, 73.17, 73.40, 73.05, 73.22
04/01/19, 73.76, 74.03, 73.02, 73.14
03/29/19, 73.01, 73.85, 72.44, 73.76
03/28/19, 72.92, 73.30, 72.67, 72.95
03/27/19, 72.57, 73.22, 72.44, 72.92
03/26/19, 72.37, 72.88, 72.36, 72.57
03/25/19, 73.08, 73.13, 72.30, 72.39
03/22/19, 72.65, 73.17, 72.26, 73.08
03/21/19, 72.95, 73.09, 72.44, 72.66
03/20/19, 73.09, 73.20, 72.78, 72.98
03/19/19, 72.99, 73.25, 72.88, 73.08
03/18/19, 73.40, 73.49, 72.84, 73.01
03/15/19, 73.96, 74.18, 73.38, 73.40
03/14/19, 74.13, 74.19, 73.90, 73.98
03/13/19, 74.05, 74.20, 73.82, 74.13
03/12/19, 74.12, 74.30, 73.99, 74.03
03/11/19, 74.55, 74.60, 74.08, 74.11
03/08/19, 74.19, 74.75, 74.13, 74.55
03/07/19, 74.54, 74.74, 74.07, 74.18
03/06/19, 74.40, 74.72, 74.30, 74.53
03/05/19, 74.54, 74.60, 74.27, 74.40
03/04/19, 74.91, 74.92, 74.33, 74.55
03/01/19, 75.00, 75.07, 74.71, 74.91
02/28/19, 74.77, 75.13, 74.76, 75.01
02/27/19, 74.83, 75.10, 74.69, 74.78
02/26/19, 74.45, 74.97, 74.35, 74.82
02/25/19, 74.12, 74.49, 73.99, 74.44
02/22/19, 74.39, 74.52, 74.05, 74.12
02/21/19, 74.43, 74.58, 74.11, 74.40
02/20/19, 74.54, 74.83, 74.36, 74.44
02/19/19, 74.92, 74.97, 74.50, 74.54
02/18/19, 74.92, 75.08, 74.81, 74.92
02/15/19, 75.29, 75.37, 74.79, 74.92
02/14/19, 74.93, 75.74, 74.79, 75.31
02/13/19, 74.61, 75.00, 74.18, 74.93
02/12/19, 74.23, 74.95, 73.90, 74.61
02/11/19, 74.09, 74.41, 74.09, 74.22
02/08/19, 74.78, 75.00, 74.03, 74.09
02/07/19, 74.85, 75.13, 74.64, 74.78
02/06/19, 74.85, 75.05, 74.71, 74.83
02/05/19, 75.00, 75.12, 74.71, 74.83
02/04/19, 75.02, 75.21, 74.94, 74.99
02/01/19, 74.82, 75.33, 74.79, 75.02
01/31/19, 75.05, 75.45, 74.81, 74.83
01/30/19, 75.55, 75.64, 75.04, 75.07
01/29/19, 75.72, 76.00, 75.37, 75.54
01/28/19, 75.42, 75.89, 74.88, 75.70
01/25/19, 74.34, 75.43, 74.23, 75.42
01/24/19, 75.25, 75.33, 74.28, 74.34
01/23/19, 75.55, 75.64, 75.12, 75.21
01/22/19, 75.46, 75.66, 75.33, 75.55
01/21/19, 75.16, 75.64, 75.16, 75.47
01/18/19, 75.65, 75.80, 75.14, 75.16
01/17/19, 75.54, 75.96, 75.44, 75.57
01/16/19, 76.55, 76.60, 75.55, 75.57
01/15/19, 76.91, 77.08, 76.23, 76.56
01/14/19, 76.78, 77.20, 76.65, 76.87
01/11/19, 76.87, 77.42, 76.65, 76.78
01/10/19, 76.97, 77.62, 76.86, 76.88
01/09/19, 76.54, 77.22, 76.48, 76.95
01/08/19, 76.52, 77.00, 76.37, 76.55
01/07/19, 76.67, 77.66, 76.38, 76.51
01/04/19, 78.41, 78.67, 76.61, 76.67
01/03/19, 78.46, 79.09, 78.09, 78.41
01/02/19, 79.95, 80.15, 77.88, 78.46
01/01/19, 79.21, 79.97, 79.21, 79.95
12/31/18, 79.66, 79.91, 79.14, 79.40
12/28/18, 79.45, 79.81, 79.27, 79.66
12/27/18, 78.21, 79.86, 77.99, 79.46
12/26/18, 78.36, 79.08, 77.93, 78.21
12/25/18, 78.27, 78.70, 77.81, 78.37
12/24/18, 78.22, 78.50, 77.71, 78.26
12/21/18, 78.20, 78.62, 77.83, 78.22
12/20/18, 76.74, 78.90, 76.57, 78.21
12/19/18, 76.61, 77.43, 76.33, 76.75
12/18/18, 75.72, 76.74, 75.52, 76.63
12/17/18, 75.52, 75.80, 75.25, 75.71
12/14/18, 75.21, 75.57, 74.91, 75.52
12/13/18, 75.58, 75.64, 75.13, 75.22
12/12/18, 75.17, 75.62, 75.09, 75.56
12/11/18, 75.72, 75.82, 75.10, 75.15
12/10/18, 75.69, 76.11, 75.54, 75.75
12/07/18, 76.02, 76.30, 75.22, 75.69
12/06/18, 75.45, 76.44, 75.43, 76.13
12/05/18, 75.86, 75.94, 75.43, 75.49
12/04/18, 75.53, 75.91, 75.47, 75.87
12/03/18, 75.94, 75.94, 75.15, 75.53
11/30/18, 75.46, 76.16, 75.19, 75.94
11/29/18, 76.33, 76.39, 75.11, 75.47
11/28/18, 75.72, 76.35, 75.41, 76.25
11/27/18, 76.07, 76.18, 75.24, 75.74
11/26/18, 75.07, 76.58, 75.07, 76.07
11/23/18, 74.82, 75.40, 74.61, 75.07
11/22/18, 74.84, 75.19, 74.54, 74.81
11/21/18, 75.23, 75.33, 74.70, 74.84
11/20/18, 75.21, 75.38, 74.94, 75.23
11/19/18, 75.34, 75.60, 75.01, 75.16
11/16/18, 74.62, 75.53, 74.50, 75.34
11/15/18, 75.87, 76.18, 74.56, 74.62
11/14/18, 76.83, 77.09, 75.80, 75.89
11/13/18, 76.17, 76.95, 75.96, 76.84
11/12/18, 77.03, 77.03, 75.90, 76.16
11/09/18, 76.02, 77.26, 75.74, 77.03
11/08/18, 75.68, 76.21, 75.49, 76.03
11/07/18, 75.55, 75.97, 75.27, 75.69
11/06/18, 75.37, 75.71, 75.13, 75.61
11/05/18, 75.34, 75.66, 75.17, 75.37
11/02/18, 74.92, 75.51, 74.84, 75.34
11/01/18, 74.50, 75.15, 74.34, 74.93
10/31/18, 74.28, 74.69, 74.19, 74.53
10/30/18, 74.89, 74.95, 74.24, 74.28
10/29/18, 74.80, 75.19, 74.51, 74.88
10/26/18, 74.53, 75.10, 74.45, 74.80
10/25/18, 74.78, 75.27, 74.40, 74.64
10/24/18, 75.12, 75.26, 74.06, 74.76
10/23/18, 74.75, 75.47, 74.67, 75.13
10/22/18, 75.41, 75.72, 74.56, 74.75
10/19/18, 75.36, 75.52, 75.07, 75.41
10/18/18, 75.37, 75.79, 75.33, 75.35
10/17/18, 75.65, 75.90, 75.27, 75.36
10/16/18, 76.06, 76.10, 75.59, 75.67
10/15/18, 76.37, 76.46, 75.78, 76.05
10/12/18, 76.84, 76.88, 76.23, 76.37
10/11/18, 77.01, 77.42, 76.43, 76.84
10/10/18, 76.11, 77.10, 75.90, 77.03
10/09/18, 76.54, 76.70, 76.00, 76.12
10/08/18, 76.73, 77.15, 76.41, 76.57
10/05/18, 77.11, 77.21, 76.45, 76.73
10/04/18, 75.61, 77.20, 75.52, 77.11
10/03/18, 75.62, 75.93, 75.53, 75.61
10/02/18, 75.25, 75.78, 75.05, 75.64
10/01/18, 76.12, 76.25, 75.08, 75.26
09/28/18, 76.38, 76.44, 75.96, 76.12
09/27/18, 77.33, 77.47, 76.06, 76.37
09/26/18, 77.45, 77.72, 77.25, 77.34
09/25/18, 77.44, 77.58, 77.18, 77.47
09/24/18, 78.29, 78.29, 77.31, 77.45
09/21/18, 78.12, 78.57, 77.94, 78.29
09/20/18, 77.87, 78.34, 77.52, 78.11
09/19/18, 78.57, 78.77, 77.77, 77.88
09/18/18, 79.74, 79.75, 78.56, 78.57
09/17/18, 79.13, 79.61, 79.13, 79.54
09/14/18, 79.80, 80.22, 78.96, 79.13
09/13/18, 80.15, 80.31, 79.07, 79.79
09/12/18, 80.54, 80.81, 79.89, 80.15
09/11/18, 81.78, 81.93, 80.50, 80.52
09/10/18, 80.77, 81.91, 80.55, 81.80
09/07/18, 80.50, 80.90, 80.10, 80.77
09/06/18, 79.34, 80.86, 78.85, 80.49
09/05/18, 78.93, 79.54, 78.79, 79.34
09/04/18, 78.93, 79.19, 78.62, 78.92
09/03/18, 78.30, 79.22, 78.30, 78.92
08/31/18, 79.63, 79.71, 78.17, 78.30
08/30/18, 79.65, 79.79, 79.25, 79.62
08/29/18, 79.34, 79.97, 79.04, 79.64
08/28/18, 78.74, 79.60, 78.58, 79.34
08/27/18, 77.99, 79.05, 77.99, 78.73
08/24/18, 78.76, 78.93, 77.95, 77.99
08/23/18, 78.90, 79.79, 78.09, 78.76
08/22/18, 77.82, 79.35, 77.75, 78.91
08/21/18, 76.86, 77.94, 76.86, 77.81
08/20/18, 76.64, 77.11, 76.43, 76.88
08/17/18, 76.06, 77.12, 75.93, 76.64
08/16/18, 76.33, 76.64, 75.83, 76.05
08/15/18, 75.24, 76.75, 75.13, 76.34
08/14/18, 77.26, 77.39, 75.21, 75.23
08/13/18, 77.28, 78.82, 76.96, 77.27
08/10/18, 76.85, 77.45, 76.34, 77.28
08/09/18, 76.18, 77.28, 76.09, 76.85
08/08/18, 73.67, 76.28, 73.64, 76.17
08/07/18, 73.66, 73.79, 73.48, 73.67
08/06/18, 73.48, 73.73, 73.16, 73.66
08/03/18, 73.41, 73.56, 73.14, 73.48
08/02/18, 73.45, 73.86, 73.31, 73.40
08/01/18, 73.11, 73.60, 72.75, 73.47
07/31/18, 72.89, 73.30, 72.71, 73.12
07/30/18, 73.11, 73.41, 72.76, 72.87
07/27/18, 73.31, 73.40, 73.03, 73.11
07/26/18, 73.67, 73.92, 73.20, 73.30
07/25/18, 74.01, 74.13, 73.52, 73.68
07/24/18, 73.75, 74.23, 73.27, 74.01
07/23/18, 74.09, 74.61, 73.67, 73.76
07/20/18, 74.05, 74.63, 73.81, 74.09
07/19/18, 73.35, 74.25, 73.26, 74.08
07/18/18, 73.04, 73.66, 72.89, 73.36
07/17/18, 73.02, 73.38, 72.81, 73.05
07/16/18, 73.14, 73.19, 72.64, 73.02
07/13/18, 72.68, 73.25, 72.31, 73.14
07/12/18, 72.86, 72.93, 72.27, 72.68
07/11/18, 72.60, 72.97, 72.36, 72.86
07/10/18, 73.35, 73.58, 72.40, 72.61
07/09/18, 73.93, 74.23, 73.23, 73.23
07/06/18, 73.81, 74.22, 73.62, 73.93
07/05/18, 73.81, 74.07, 73.67, 73.82
07/04/18, 73.62, 73.89, 73.54, 73.81
07/03/18, 73.83, 74.33, 73.52, 73.64
07/02/18, 73.38, 73.94, 73.32, 73.83
06/29/18, 72.68, 73.43, 72.59, 73.38
06/28/18, 73.03, 73.20, 72.62, 72.69
06/27/18, 73.45, 73.81, 72.91, 73.02
06/26/18, 73.54, 73.84, 73.26, 73.45
06/25/18, 73.41, 73.84, 73.17, 73.54
06/22/18, 73.88, 74.16, 73.19, 73.41
06/21/18, 73.61, 74.08, 73.46, 73.88
06/20/18, 74.03, 74.06, 73.36, 73.62
06/19/18, 73.67, 74.30, 73.65, 74.03
06/18/18, 73.33, 74.02, 72.97, 73.70
06/15/18, 72.34, 73.59, 72.15, 73.33
06/14/18, 73.73, 73.96, 72.18, 72.37
06/13/18, 74.07, 74.45, 73.38, 73.72
06/12/18, 74.03, 74.33, 73.70, 74.10
06/11/18, 73.37, 74.17, 73.28, 74.02
06/08/18, 73.63, 73.95, 73.23, 73.37
06/07/18, 72.78, 73.97, 72.52, 73.63
06/06/18, 72.83, 73.14, 72.51, 72.79
06/05/18, 72.60, 72.90, 72.37, 72.82
06/04/18, 72.56, 72.77, 72.18, 72.59
06/01/18, 72.95, 73.03, 72.34, 72.56
05/31/18, 72.44, 73.06, 72.35, 72.94
05/30/18, 72.57, 72.67, 72.25, 72.45
05/29/18, 72.45, 72.63, 72.13, 72.57
05/28/18, 72.52, 73.00, 72.31, 72.45
05/25/18, 72.18, 72.76, 72.01, 72.52
05/24/18, 71.73, 72.38, 71.71, 72.17
05/23/18, 72.13, 72.36, 71.66, 71.73
05/22/18, 72.55, 72.72, 71.83, 72.11
05/21/18, 73.42, 73.51, 72.39, 72.59
05/18/18, 73.32, 73.68, 73.07, 73.42
05/17/18, 72.88, 73.39, 72.81, 73.33
05/16/18, 73.73, 73.97, 72.65, 72.88
05/15/18, 73.80, 74.31, 73.65, 73.74
05/14/18, 73.94, 74.13, 73.77, 73.80
05/11/18, 73.55, 74.06, 73.39, 73.94
05/10/18, 74.73, 74.91, 73.35, 73.57
05/09/18, 75.01, 75.67, 74.60, 74.72
05/08/18, 75.01, 75.50, 74.77, 74.97
05/07/18, 75.00, 75.12, 74.65, 75.01
05/04/18, 75.55, 75.95, 74.53, 75.00
05/03/18, 76.57, 76.66, 75.34, 75.54
05/02/18, 76.40, 76.88, 75.91, 76.55
05/01/18, 76.07, 76.53, 75.90, 76.40
04/30/18, 75.40, 76.40, 75.40, 76.05
04/27/18, 76.03, 76.11, 74.79, 75.40
04/26/18, 75.90, 76.77, 75.69, 76.03
04/25/18, 75.30, 76.16, 75.16, 75.91
04/24/18, 75.54, 75.56, 74.95, 75.29
04/23/18, 75.43, 76.07, 75.09, 75.54
04/20/18, 75.24, 75.80, 75.15, 75.43
04/19/18, 75.32, 75.72, 75.03, 75.24
04/18/18, 76.10, 76.64, 75.18, 75.33
04/17/18, 75.68, 76.60, 75.44, 76.09
04/16/18, 76.89, 77.29, 75.52, 75.68
04/13/18, 76.38, 76.89, 75.43, 76.89
04/12/18, 77.24, 78.02, 75.64, 76.39
04/11/18, 78.04, 80.50, 76.84, 77.24
04/10/18, 74.65, 78.77, 74.17, 78.06
04/09/18, 71.35, 74.72, 71.27, 74.68
04/06/18, 70.64, 71.47, 70.48, 71.35
04/05/18, 70.52, 70.82, 70.50, 70.63
04/04/18, 70.70, 71.22, 70.51, 70.53
04/03/18, 70.68, 70.99, 70.51, 70.71
04/02/18, 70.48, 71.02, 70.41, 70.68
03/30/18, 70.46, 70.84, 70.27, 70.48
03/29/18, 71.09, 71.25, 70.40, 70.46
03/28/18, 71.26, 71.47, 67.20, 71.09
03/27/18, 71.15, 71.36, 70.71, 71.27
03/26/18, 70.70, 71.59, 70.40, 71.17
03/23/18, 70.32, 70.78, 70.31, 70.70
03/22/18, 70.31, 70.47, 70.06, 70.32
03/21/18, 70.45, 70.75, 70.14, 70.30
03/20/18, 71.40, 71.51, 70.45, 70.46
03/19/18, 70.69, 71.56, 70.52, 71.41
03/16/18, 70.77, 71.02, 70.65, 70.69
03/15/18, 70.71, 70.93, 70.37, 70.78
03/14/18, 70.72, 70.85, 70.29, 70.70
03/13/18, 70.10, 70.73, 70.07, 70.71
03/12/18, 69.77, 70.24, 69.69, 70.09
03/09/18, 70.29, 70.38, 69.74, 69.77
03/08/18, 70.55, 70.81, 70.23, 70.29
03/07/18, 70.32, 70.91, 70.31, 70.54
03/06/18, 69.57, 70.43, 69.55, 70.32
03/05/18, 70.06, 70.42, 69.55, 69.57
03/02/18, 69.82, 70.61, 69.38, 70.06
03/01/18, 68.65, 69.89, 68.58, 69.82
02/28/18, 68.73, 68.98, 68.50, 68.64
02/27/18, 68.65, 68.97, 68.50, 68.73
02/26/18, 69.26, 69.49, 68.60, 68.65
02/23/18, 69.69, 69.74, 69.17, 69.26
02/22/18, 69.59, 69.91, 69.55, 69.69
02/21/18, 69.66, 70.02, 69.57, 69.59
02/20/18, 69.98, 70.06, 69.63, 69.66
02/19/18, 70.01, 70.15, 69.80, 69.99
02/16/18, 70.74, 71.02, 69.92, 70.01
02/15/18, 70.77, 70.97, 70.49, 70.73
02/14/18, 71.29, 71.43, 70.55, 70.77
02/13/18, 71.04, 71.59, 70.99, 71.30
02/12/18, 71.87, 72.14, 70.81, 71.03
02/09/18, 71.35, 71.88, 71.02, 71.87
02/08/18, 70.60, 71.53, 70.49, 71.36
02/07/18, 70.62, 70.75, 70.21, 70.57
02/06/18, 70.46, 71.08, 70.33, 70.63
02/05/18, 70.26, 70.82, 70.16, 70.45
02/02/18, 70.11, 70.43, 69.88, 70.26
02/01/18, 69.78, 70.28, 69.64, 70.09
01/31/18, 69.89, 70.25, 69.72, 69.79
01/30/18, 69.69, 70.07, 69.37, 69.89
01/29/18, 69.74, 70.02, 69.51, 69.70
01/26/18, 69.09, 69.96, 68.94, 69.74
01/25/18, 69.64, 69.93, 68.91, 69.08
01/24/18, 69.38, 69.88, 69.29, 69.64
01/23/18, 69.33, 69.44, 68.97, 69.37
01/22/18, 69.23, 69.45, 69.10, 69.34
01/19/18, 69.09, 69.56, 69.05, 69.23
01/18/18, 68.98, 69.41, 68.86, 69.10
01/17/18, 69.27, 69.61, 68.93, 68.98
01/16/18, 69.14, 69.39, 68.87, 69.26
01/15/18, 69.03, 69.48, 68.68, 69.16
01/12/18, 67.94, 69.13, 67.88, 69.03
01/11/18, 68.09, 68.53, 67.90, 67.94
01/10/18, 68.01, 68.50, 67.73, 68.08
01/09/18, 68.37, 68.41, 67.78, 68.02
01/08/18, 68.50, 68.62, 68.30, 68.37
01/05/18, 68.67, 68.96, 68.47, 68.50
01/04/18, 68.75, 69.03, 68.51, 68.65
01/03/18, 69.33, 69.38, 68.68, 68.76
01/02/18, 69.15, 69.45, 68.93, 69.32
01/01/18, 69.16, 69.17, 69.12, 69.15
12/29/17, 68.73, 69.47, 68.69, 69.16
12/28/17, 68.68, 68.88, 68.50, 68.73
12/27/17, 68.36, 68.91, 68.18, 68.72
12/26/17, 68.83, 68.97, 68.34, 68.36
12/25/17, 69.24, 69.30, 68.60, 68.81
12/22/17, 69.47, 69.47, 68.93, 69.24
12/21/17, 69.71, 69.79, 69.28, 69.47
12/20/17, 69.57, 69.83, 69.39, 69.71
12/19/17, 69.12, 69.67, 69.10, 69.57
12/18/17, 69.11, 69.36, 69.01, 69.13
12/15/17, 69.30, 69.67, 69.10, 69.11
12/14/17, 69.32, 69.66, 69.22, 69.25
12/13/17, 69.62, 69.74, 68.97, 69.31
12/12/17, 69.37, 69.65, 69.20, 69.61
12/11/17, 69.78, 69.98, 69.35, 69.38
12/08/17, 69.62, 69.79, 69.48, 69.78
12/07/17, 69.84, 70.01, 69.62, 69.63
12/06/17, 69.42, 69.96, 69.35, 69.84
12/05/17, 69.78, 69.86, 69.26, 69.42
12/04/17, 70.05, 70.05, 69.47, 69.79
12/01/17, 69.55, 70.54, 69.42, 70.05
11/30/17, 69.46, 69.78, 69.11, 69.55
11/29/17, 69.12, 69.63, 68.99, 69.46
11/28/17, 69.53, 69.74, 69.05, 69.12
11/27/17, 69.59, 69.67, 69.27, 69.53
11/24/17, 69.27, 69.73, 69.18, 69.59
11/23/17, 69.27, 69.30, 69.07, 69.26
11/22/17, 69.44, 69.57, 68.91, 69.27
11/21/17, 69.61, 69.94, 69.36, 69.44
11/20/17, 69.59, 70.20, 69.20, 69.61
11/17/17, 70.17, 70.51, 69.57, 69.59
11/16/17, 70.90, 71.04, 70.10, 70.17
11/15/17, 70.97, 71.57, 70.86, 70.90
11/14/17, 69.28, 71.03, 69.26, 70.95
11/13/17, 69.16, 69.47, 68.81, 69.30
11/10/17, 68.66, 69.20, 68.60, 69.16
11/09/17, 68.66, 69.20, 68.60, 69.16
11/08/17, 68.81, 69.12, 68.47, 68.67
11/07/17, 67.88, 68.85, 67.64, 68.81
11/06/17, 68.51, 68.67, 67.82, 67.87
11/03/17, 67.92, 68.85, 67.85, 68.51
11/02/17, 67.82, 68.18, 67.56, 67.93
11/01/17, 68.07, 68.13, 67.48, 67.83
10/31/17, 67.50, 68.22, 67.34, 68.08
10/30/17, 67.48, 67.54, 67.05, 67.49
10/27/17, 67.30, 68.13, 67.13, 67.48
10/26/17, 68.15, 68.30, 67.23, 67.28
10/25/17, 67.73, 68.17, 67.68, 68.16
10/24/17, 67.58, 67.89, 67.49, 67.73
10/23/17, 67.72, 67.72, 67.42, 67.57
10/20/17, 68.01, 68.04, 67.64, 67.72
10/19/17, 67.69, 68.23, 67.68, 68.01
10/18/17, 67.50, 67.80, 67.24, 67.68
10/17/17, 67.63, 67.66, 67.36, 67.45
10/16/17, 67.59, 67.74, 67.18, 67.63
10/13/17, 68.22, 68.48, 67.55, 67.59
10/12/17, 68.55, 68.69, 68.21, 68.23
10/11/17, 68.45, 68.67, 68.25, 68.56
10/10/17, 68.51, 68.76, 68.17, 68.45
10/09/17, 68.28, 68.65, 68.25, 68.51
10/06/17, 67.49, 68.34, 67.34, 68.28
10/05/17, 67.80, 67.90, 67.27, 67.49
10/04/17, 67.95, 68.16, 67.67, 67.81
10/03/17, 67.91, 68.32, 67.69, 67.94
10/02/17, 68.04, 68.11, 67.73, 67.91
09/29/17, 68.27, 68.52, 67.91, 68.04
09/28/17, 68.30, 68.77, 68.17, 68.27
09/27/17, 68.20, 68.51, 67.97, 68.31
09/26/17, 68.17, 68.47, 67.83, 68.19
09/25/17, 68.85, 68.85, 67.99, 68.18
09/22/17, 69.05, 69.36, 68.77, 68.85
09/21/17, 69.19, 69.39, 68.96, 69.05
09/20/17, 69.78, 69.93, 69.06, 69.20
09/19/17, 69.49, 69.94, 69.42, 69.78
09/18/17, 68.83, 69.53, 68.62, 69.50
09/15/17, 68.55, 69.13, 68.41, 68.83
09/14/17, 68.73, 72.23, 68.17, 68.55
09/13/17, 69.04, 69.45, 68.65, 68.72
09/12/17, 68.33, 69.10, 68.28, 69.03
09/11/17, 69.13, 69.13, 68.29, 68.33
09/08/17, 68.45, 69.15, 68.41, 69.13
09/07/17, 68.37, 68.64, 68.10, 68.45
09/06/17, 68.49, 68.70, 68.29, 68.37
09/05/17, 68.73, 69.09, 68.19, 68.49
09/04/17, 68.20, 69.01, 68.20, 68.74
09/01/17, 69.09, 69.23, 68.18, 68.20
08/31/17, 69.51, 69.77, 68.89, 69.09
08/30/17, 70.34, 70.49, 69.48, 69.52
08/29/17, 70.04, 70.98, 69.90, 70.35
08/28/17, 69.90, 70.16, 69.60, 70.04
08/25/17, 69.81, 70.00, 69.58, 69.90
08/24/17, 69.68, 70.01, 69.60, 69.83
08/23/17, 69.41, 69.89, 69.33, 69.67
08/22/17, 69.84, 69.90, 69.27, 69.41
08/21/17, 69.48, 69.91, 69.22, 69.84
08/18/17, 69.26, 69.91, 69.17, 69.48
08/17/17, 69.96, 70.10, 69.23, 69.26
08/16/17, 70.17, 70.24, 69.39, 69.95
08/15/17, 70.51, 70.58, 70.08, 70.16
08/14/17, 70.72, 70.81, 70.15, 70.50
08/11/17, 70.66, 70.93, 70.60, 70.72
08/10/17, 70.68, 70.75, 70.02, 70.66
08/09/17, 70.31, 70.73, 70.11, 70.68
08/08/17, 70.76, 71.00, 70.00, 70.31
08/07/17, 70.61, 71.21, 70.59, 70.77
08/04/17, 71.61, 71.84, 70.28, 70.61
08/03/17, 71.71, 72.05, 71.29, 71.60
08/02/17, 71.06, 72.11, 71.05, 71.70
08/01/17, 70.78, 71.28, 70.55, 71.06
07/31/17, 69.94, 71.04, 69.82, 70.78
07/28/17, 69.51, 70.09, 69.32, 69.94
07/27/17, 69.92, 70.16, 69.21, 69.50
07/26/17, 69.88, 69.95, 69.35, 69.90
07/25/17, 69.85, 70.27, 69.57, 69.87
07/24/17, 69.13, 70.10, 69.13, 69.87
07/21/17, 68.54, 69.25, 68.44, 69.13
07/20/17, 67.92, 68.80, 67.83, 68.53
07/19/17, 68.30, 68.48, 67.86, 67.92
07/18/17, 68.10, 68.57, 68.06, 68.30
07/17/17, 67.73, 68.18, 67.50, 68.09
07/14/17, 68.14, 68.50, 67.64, 67.73
07/13/17, 68.39, 68.97, 68.02, 68.14
07/12/17, 69.71, 69.86, 68.38, 68.41
07/11/17, 68.73, 69.83, 68.64, 69.72
07/10/17, 68.85, 68.97, 68.61, 68.73
07/07/17, 68.63, 69.10, 68.60, 68.85
07/06/17, 68.35, 68.65, 68.00, 68.63
07/05/17, 67.39, 68.36, 67.29, 68.36
07/04/17, 67.36, 67.54, 67.16, 67.38
07/03/17, 67.30, 67.60, 67.05, 67.35
06/30/17, 68.03, 68.18, 67.17, 67.30
06/29/17, 67.42, 68.16, 67.13, 68.03
06/28/17, 67.17, 67.94, 67.16, 67.43
06/27/17, 65.90, 67.32, 65.62, 67.18
06/26/17, 66.55, 66.60, 65.86, 65.89
06/23/17, 66.79, 66.88, 66.34, 66.55
06/22/17, 67.32, 67.46, 66.62, 66.78
06/21/17, 66.37, 67.39, 66.15, 67.32
06/20/17, 65.17, 66.56, 65.05, 66.36
06/19/17, 64.66, 65.33, 64.47, 65.18
06/16/17, 64.47, 64.71, 64.15, 64.66
06/15/17, 64.47, 64.63, 64.07, 64.46
06/14/17, 63.80, 64.69, 63.78, 64.46
06/13/17, 63.90, 63.93, 63.63, 63.81
06/12/17, 63.86, 64.17, 63.77, 63.89
06/09/17, 63.82, 63.95, 63.58, 63.86
06/08/17, 64.26, 64.35, 63.69, 63.82
06/07/17, 63.74, 64.43, 63.49, 64.27
06/06/17, 63.72, 63.94, 63.64, 63.73
06/05/17, 63.91, 63.98, 63.54, 63.72
06/02/17, 63.25, 63.98, 63.25, 63.91
06/01/17, 63.81, 63.88, 63.00, 63.24
05/31/17, 63.26, 63.97, 63.09, 63.80
05/30/17, 63.09, 63.53, 62.84, 63.26
05/29/17, 63.19, 63.53, 62.93, 63.08
05/26/17, 63.72, 63.84, 63.09, 63.19
05/25/17, 63.30, 63.81, 62.93, 63.72
05/24/17, 63.01, 63.36, 62.86, 63.30
05/23/17, 63.65, 63.82, 62.95, 63.01
05/22/17, 63.80, 63.98, 63.07, 63.64
05/19/17, 63.91, 64.03, 63.45, 63.80
05/18/17, 63.73, 64.66, 63.58, 63.91
05/17/17, 62.57, 63.91, 62.56, 63.73
05/16/17, 61.86, 62.66, 61.86, 62.58
05/15/17, 62.42, 62.47, 61.65, 61.87
05/12/17, 61.98, 62.59, 61.88, 62.42
05/11/17, 62.44, 62.63, 61.91, 61.99
05/10/17, 63.57, 63.71, 62.38, 62.44
05/09/17, 63.62, 63.84, 63.34, 63.57
05/08/17, 63.86, 63.90, 63.49, 63.61
05/05/17, 64.13, 64.80, 63.78, 63.86
05/04/17, 62.45, 64.19, 62.41, 64.13
05/03/17, 62.37, 62.64, 62.19, 62.47
05/02/17, 62.11, 62.47, 62.01, 62.34
05/01/17, 62.06, 62.20, 61.94, 62.11
04/28/17, 61.99, 62.53, 61.91, 62.06
04/27/17, 62.31, 62.40, 61.82, 61.98
04/26/17, 61.33, 62.38, 61.28, 62.31
04/25/17, 60.67, 61.57, 60.55, 61.34
04/24/17, 60.56, 61.42, 60.53, 60.66
04/21/17, 60.21, 60.59, 60.11, 60.56
04/20/17, 60.57, 60.74, 60.13, 60.20
04/19/17, 60.37, 60.83, 60.04, 60.57
04/18/17, 59.49, 60.38, 59.45, 60.37
04/17/17, 59.79, 59.94, 59.48, 59.50
04/14/17, 59.74, 59.89, 59.59, 59.79
04/13/17, 60.37, 60.56, 59.63, 59.75
04/12/17, 60.37, 60.64, 60.07, 60.38
04/11/17, 60.66, 60.77, 60.22, 60.36
04/10/17, 60.60, 60.96, 60.42, 60.67
04/07/17, 60.08, 60.96, 59.97, 60.65
04/06/17, 60.09, 60.36, 59.81, 60.09
04/05/17, 59.83, 60.22, 59.56, 60.09
04/04/17, 59.87, 60.40, 59.75, 59.84
04/03/17, 59.93, 60.26, 59.70, 59.86
03/31/17, 59.90, 60.43, 59.67, 59.93
03/30/17, 60.96, 61.07, 59.83, 59.88
03/29/17, 61.70, 61.73, 60.84, 60.95
03/28/17, 61.80, 62.06, 61.57, 61.69
03/27/17, 61.50, 62.26, 61.50, 61.81
03/24/17, 61.90, 62.12, 61.44, 61.50
03/23/17, 62.35, 62.42, 61.83, 61.89
03/22/17, 62.42, 62.97, 62.16, 62.34
03/21/17, 61.62, 62.42, 61.47, 62.42
03/20/17, 61.42, 61.96, 61.42, 61.58
03/17/17, 62.24, 62.57, 61.40, 61.42
03/16/17, 62.75, 62.83, 61.79, 62.24
03/15/17, 62.76, 63.00, 62.46, 62.74
03/14/17, 62.67, 63.39, 62.56, 62.76
03/13/17, 63.00, 63.48, 62.62, 62.63
03/10/17, 62.71, 63.11, 62.49, 63.00
03/09/17, 62.10, 63.03, 61.88, 62.70
03/08/17, 61.49, 62.23, 61.37, 62.08
03/07/17, 61.62, 61.80, 61.17, 61.48
03/06/17, 61.88, 61.94, 61.38, 61.67
03/03/17, 61.75, 62.19, 61.62, 61.88
03/02/17, 61.45, 61.86, 61.25, 61.76
03/01/17, 61.77, 61.80, 61.04, 61.43
02/28/17, 61.53, 62.15, 61.22, 61.76
02/27/17, 61.74, 61.74, 60.99, 61.54
02/24/17, 61.14, 62.05, 61.07, 61.74
02/23/17, 61.26, 61.37, 60.86, 61.13
02/22/17, 60.57, 61.43, 60.33, 61.27
02/21/17, 61.46, 61.55, 60.50, 60.57
02/20/17, 61.96, 62.02, 61.44, 61.46
02/17/17, 61.42, 62.15, 61.29, 61.96
02/16/17, 60.59, 61.56, 60.47, 61.41
02/15/17, 60.36, 61.10, 59.79, 60.58
02/14/17, 61.44, 61.75, 60.16, 60.36
02/13/17, 61.97, 62.10, 61.39, 61.45
02/10/17, 62.84, 62.97, 61.91, 61.97
02/09/17, 63.29, 63.35, 62.70, 62.88
02/08/17, 63.54, 63.58, 63.04, 63.28
02/07/17, 63.34, 63.54, 63.04, 63.54
02/06/17, 63.64, 63.65, 62.97, 63.35
02/03/17, 63.96, 64.05, 63.37, 63.64
02/02/17, 64.78, 64.89, 63.21, 63.97
02/01/17, 64.98, 65.14, 64.61, 64.77
01/31/17, 64.11, 65.06, 63.86, 65.00
01/30/17, 64.03, 64.61, 63.71, 64.10
01/27/17, 64.44, 64.57, 63.77, 64.03
01/26/17, 63.98, 64.91, 63.74, 64.45
01/25/17, 63.58, 64.05, 63.30, 63.98
01/24/17, 64.10, 64.16, 63.49, 63.59
01/23/17, 63.81, 64.27, 63.64, 63.97
01/20/17, 63.66, 64.06, 63.47, 63.81
01/19/17, 63.26, 64.25, 63.01, 63.66
01/18/17, 63.58, 63.59, 63.10, 63.25
01/17/17, 63.42, 63.73, 63.15, 63.58
01/16/17, 63.43, 63.56, 63.01, 63.42
01/13/17, 63.11, 63.63, 62.98, 63.43
01/12/17, 63.62, 63.64, 62.95, 63.12
01/11/17, 63.46, 63.67, 62.99, 63.62
01/10/17, 63.59, 63.91, 63.33, 63.45
01/09/17, 62.77, 63.60, 62.77, 63.57
01/06/17, 63.05, 63.30, 62.56, 62.77
01/05/17, 63.40, 63.88, 62.35, 63.04
01/04/17, 63.44, 63.83, 63.01, 63.39
01/03/17, 64.19, 64.19, 62.56, 63.44
01/02/17, 64.46, 64.57, 64.10, 64.18
12/30/16, 63.34, 65.06, 63.31, 64.46
12/29/16, 63.02, 63.69, 62.87, 63.23
12/28/16, 63.37, 63.58, 62.47, 63.01
12/27/16, 63.78, 63.78, 63.32, 63.38
12/26/16, 63.84, 63.95, 63.50, 63.78
12/23/16, 63.65, 64.09, 63.48, 63.84
12/22/16, 63.78, 63.91, 63.43, 63.64
12/21/16, 63.82, 63.97, 63.47, 63.77
12/20/16, 64.42, 64.42, 63.63, 63.82
12/19/16, 64.85, 65.11, 64.32, 64.42
12/16/16, 64.34, 65.40, 64.09, 64.85
12/15/16, 65.09, 65.09, 64.16, 64.34
12/14/16, 64.35, 65.65, 64.35, 65.09
12/13/16, 64.88, 65.11, 64.27, 64.35
12/12/16, 65.98, 65.98, 64.44, 64.88
12/09/16, 67.19, 67.32, 65.57, 65.98
12/08/16, 68.02, 68.78, 67.09, 67.21
12/07/16, 68.47, 68.70, 67.88, 68.04
12/06/16, 68.70, 68.92, 68.27, 68.44
12/05/16, 68.05, 68.72, 67.38, 68.71
12/02/16, 68.13, 68.65, 67.99, 68.05
12/01/16, 67.88, 68.16, 67.44, 68.13
11/30/16, 69.34, 69.51, 67.79, 67.89
11/29/16, 68.79, 69.55, 68.71, 69.35
11/28/16, 68.75, 69.51, 68.41, 68.81
11/25/16, 68.10, 68.99, 67.84, 68.75
11/24/16, 67.89, 68.27, 67.69, 68.07
11/23/16, 67.72, 68.54, 67.69, 67.87
11/22/16, 68.04, 68.13, 67.45, 67.71
11/21/16, 68.72, 68.96, 67.74, 68.04
11/18/16, 68.92, 69.19, 68.42, 68.72
11/17/16, 69.17, 69.66, 68.58, 68.92
11/16/16, 69.08, 70.29, 68.65, 69.18
11/15/16, 70.93, 71.36, 69.03, 69.09
11/14/16, 71.43, 71.65, 70.85, 70.90
11/11/16, 71.46, 72.38, 70.50, 71.43
11/10/16, 69.43, 71.74, 69.11, 71.45
11/09/16, 70.14, 73.13, 69.42, 69.44
11/08/16, 70.35, 70.59, 70.13, 70.31
11/07/16, 71.75, 71.75, 70.15, 70.36
11/04/16, 70.64, 71.78, 70.51, 71.75
11/03/16, 70.49, 70.88, 70.35, 70.64
11/02/16, 70.01, 70.96, 69.99, 70.49
11/01/16, 69.44, 70.15, 69.17, 70.00
10/31/16, 69.22, 69.64, 68.92, 69.44
10/28/16, 68.34, 69.37, 68.23, 69.22
10/27/16, 68.62, 68.95, 68.32, 68.34
10/26/16, 67.72, 71.50, 65.94, 68.63
10/25/16, 67.71, 67.89, 67.41, 67.71
10/24/16, 67.87, 68.14, 67.60, 67.70
10/21/16, 68.26, 68.27, 67.62, 67.87
10/20/16, 68.37, 68.90, 68.11, 68.26
10/19/16, 68.78, 69.20, 68.17, 68.36
10/18/16, 69.44, 69.59, 68.75, 68.76
10/17/16, 68.91, 69.49, 68.88, 69.44
10/14/16, 69.68, 69.72, 68.68, 68.91
10/13/16, 69.35, 70.14, 69.30, 69.69
10/12/16, 69.31, 69.53, 68.89, 69.36
10/11/16, 69.12, 69.55, 69.01, 69.31
10/10/16, 69.71, 69.84, 68.98, 69.13
10/07/16, 69.20, 69.75, 69.04, 69.71
10/06/16, 69.81, 69.94, 69.14, 69.20
10/05/16, 70.28, 70.52, 69.77, 69.82
10/04/16, 69.87, 70.45, 69.61, 70.28
10/03/16, 70.68, 70.76, 69.77, 69.88
09/30/16, 70.72, 71.13, 70.35, 70.68
09/29/16, 70.80, 71.07, 70.41, 70.73
09/28/16, 71.39, 73.01, 70.63, 70.81
09/27/16, 72.23, 72.64, 71.22, 71.41
09/26/16, 71.93, 72.61, 71.57, 72.22
09/23/16, 71.29, 72.04, 71.09, 71.93
09/22/16, 71.51, 71.90, 71.05, 71.29
09/21/16, 72.28, 72.49, 71.28, 71.45
09/20/16, 72.24, 72.70, 72.14, 72.28
09/19/16, 73.02, 73.47, 72.00, 72.24
09/16/16, 72.71, 73.11, 72.35, 73.02
09/15/16, 73.30, 73.74, 72.39, 72.70
09/14/16, 73.54, 73.65, 72.16, 73.30
09/13/16, 72.68, 73.52, 72.53, 73.41
09/12/16, 72.76, 73.31, 72.04, 72.67
09/09/16, 72.14, 73.86, 72.06, 72.76
09/08/16, 72.15, 72.66, 71.66, 72.14
09/07/16, 72.61, 72.68, 72.10, 72.14
09/06/16, 72.52, 72.70, 72.16, 72.61
09/05/16, 72.84, 72.84, 72.06, 72.51
09/02/16, 73.95, 73.96, 72.57, 72.84
09/01/16, 72.97, 73.95, 72.62, 73.92
08/31/16, 72.72, 72.98, 72.52, 72.97
08/30/16, 71.84, 72.85, 71.53, 72.71
08/29/16, 72.42, 72.89, 71.81, 71.85
08/26/16, 73.33, 73.51, 72.37, 72.42
08/25/16, 73.47, 73.50, 72.92, 73.33
08/24/16, 73.05, 73.52, 72.68, 73.48
08/23/16, 73.36, 73.63, 72.78, 73.07
08/22/16, 72.37, 73.40, 72.07, 73.37
08/19/16, 72.25, 72.65, 72.05, 72.37
08/18/16, 72.26, 72.61, 71.76, 72.24
08/17/16, 71.98, 74.03, 71.95, 72.26
08/16/16, 71.65, 73.67, 71.57, 71.98
08/15/16, 72.34, 72.34, 71.40, 71.65
08/12/16, 71.63, 73.08, 71.40, 72.34
08/11/16, 72.56, 72.74, 71.33, 71.63
08/10/16, 72.02, 72.56, 71.70, 72.56
08/09/16, 71.62, 72.13, 71.45, 71.98
08/08/16, 72.69, 72.69, 71.39, 71.63
08/05/16, 73.19, 73.58, 72.05, 72.69
08/04/16, 73.89, 74.22, 72.36, 73.20
08/03/16, 74.95, 75.12, 73.80, 73.90
08/02/16, 75.18, 75.18, 74.03, 74.95
08/01/16, 73.74, 75.46, 73.42, 75.17
07/29/16, 73.93, 74.74, 73.58, 73.74
07/28/16, 72.92, 74.10, 72.78, 73.93
07/27/16, 72.40, 74.15, 72.27, 72.94
07/26/16, 71.98, 73.11, 71.76, 72.40
07/25/16, 71.20, 72.15, 70.94, 71.98
07/22/16, 71.00, 71.86, 70.79, 71.20
07/21/16, 70.31, 71.05, 70.13, 71.01
07/20/16, 69.98, 70.36, 69.50, 70.30
07/19/16, 69.60, 70.21, 69.41, 69.97
07/18/16, 70.30, 70.46, 69.52, 69.61
07/15/16, 69.95, 70.94, 69.54, 70.30
07/14/16, 70.87, 71.16, 69.68, 69.95
07/13/16, 70.59, 71.18, 70.17, 70.87
07/12/16, 71.08, 71.61, 70.41, 70.59
07/11/16, 70.56, 71.24, 70.56, 71.08
07/08/16, 71.48, 71.62, 70.30, 70.56
07/07/16, 71.33, 71.65, 70.61, 71.48
07/06/16, 71.32, 71.75, 71.14, 71.34
07/05/16, 71.29, 71.96, 70.67, 71.32
07/04/16, 71.02, 71.39, 70.83, 71.30
07/01/16, 71.33, 71.53, 69.00, 71.02
06/30/16, 70.85, 73.15, 64.32, 71.32
06/29/16, 70.99, 71.45, 69.88, 70.86
06/28/16, 72.33, 72.84, 70.88, 71.00
06/27/16, 72.44, 72.44, 71.58, 72.35
06/24/16, 72.79, 74.12, 69.93, 72.44
06/23/16, 73.20, 74.69, 72.50, 72.77
06/22/16, 71.84, 73.58, 71.57, 73.23
06/21/16, 72.71, 72.98, 71.84, 71.84
06/20/16, 73.16, 73.58, 72.35, 72.69
06/17/16, 73.84, 74.05, 72.95, 73.16
06/16/16, 73.84, 74.41, 73.17, 73.86
06/15/16, 74.09, 74.15, 73.40, 73.85
06/14/16, 74.14, 74.51, 73.69, 74.09
06/13/16, 73.58, 74.40, 72.80, 74.15
06/10/16, 72.75, 73.60, 72.45, 73.58
06/09/16, 72.51, 73.05, 72.29, 72.75
06/08/16, 73.41, 73.71, 72.41, 72.51
06/07/16, 74.12, 74.52, 73.27, 73.41
06/06/16, 74.06, 74.91, 67.89, 74.12
06/03/16, 74.67, 75.25, 73.55, 74.06
06/02/16, 74.95, 75.71, 74.57, 74.68
06/01/16, 74.15, 75.17, 73.87, 75.04
05/31/16, 73.07, 74.48, 72.71, 74.14
05/30/16, 73.19, 73.71, 72.97, 73.07
05/27/16, 73.72, 73.99, 73.17, 73.19
05/26/16, 72.97, 73.74, 72.63, 73.70
05/25/16, 73.72, 74.10, 72.76, 72.96
05/24/16, 75.41, 75.43, 73.50, 73.72
05/23/16, 75.00, 75.51, 74.26, 75.43
05/20/16, 74.80, 75.17, 73.78, 74.99
05/19/16, 73.85, 75.47, 73.68, 74.80
05/18/16, 73.31, 74.24, 73.00, 73.85
05/17/16, 73.54, 73.58, 72.78, 73.29
05/16/16, 74.06, 74.15, 73.24, 73.54
05/13/16, 73.87, 74.28, 73.43, 74.06
05/12/16, 74.20, 74.93, 73.60, 73.85
05/11/16, 75.31, 75.62, 74.19, 74.19
05/10/16, 75.73, 75.83, 75.10, 75.32
05/09/16, 75.13, 76.01, 74.40, 75.72
05/06/16, 74.96, 76.12, 74.49, 75.13
05/05/16, 76.54, 76.54, 74.57, 74.97
05/04/16, 76.37, 76.76, 75.55, 76.54
05/03/16, 75.22, 77.16, 74.79, 76.37
05/02/16, 74.22, 75.23, 74.22, 75.22
04/29/16, 73.52, 74.49, 72.94, 74.22
04/28/16, 73.74, 74.17, 72.83, 73.53
04/27/16, 74.25, 74.74, 73.55, 73.74
04/26/16, 75.02, 75.29, 74.02, 74.26
04/25/16, 74.71, 75.25, 73.71, 75.01
04/22/16, 75.47, 75.48, 73.79, 74.71
04/21/16, 73.63, 76.02, 73.06, 75.46
04/20/16, 74.82, 76.23, 73.62, 73.63
04/19/16, 74.91, 76.23, 74.12, 74.83
04/18/16, 75.11, 77.73, 74.78, 74.92
04/15/16, 74.52, 76.01, 74.15, 75.11
04/14/16, 74.68, 76.15, 74.16, 74.52
04/13/16, 74.68, 75.08, 73.78, 74.66
04/12/16, 76.04, 77.01, 74.25, 74.68
04/11/16, 76.44, 76.90, 75.89, 76.12
04/08/16, 77.38, 78.97, 76.12, 76.44
04/07/16, 77.04, 77.90, 76.89, 77.40
04/06/16, 78.31, 78.35, 77.00, 77.05
04/05/16, 78.15, 79.17, 77.99, 78.30
04/04/16, 76.98, 78.46, 76.95, 78.16
04/01/16, 76.13, 77.97, 75.98, 76.98
03/31/16, 76.83, 78.29, 76.07, 76.14
03/30/16, 76.96, 77.52, 76.18, 76.83
03/29/16, 76.78, 77.49, 76.55, 76.95
03/28/16, 76.45, 76.98, 75.54, 76.79
03/25/16, 76.70, 77.02, 75.79, 76.45
03/24/16, 76.77, 77.74, 76.34, 76.69
03/23/16, 75.59, 76.99, 75.48, 76.77
03/22/16, 76.21, 76.61, 75.35, 75.60
03/21/16, 77.04, 77.88, 76.00, 76.20
03/18/16, 77.08, 77.48, 75.91, 77.04
03/17/16, 77.58, 78.05, 76.84, 77.08
03/16/16, 78.87, 78.97, 77.38, 77.57
03/15/16, 77.74, 79.29, 77.70, 78.88
03/14/16, 77.98, 78.82, 77.45, 77.73
03/11/16, 79.89, 80.12, 77.13, 77.98
03/10/16, 78.23, 80.33, 75.86, 79.90
03/09/16, 80.32, 80.33, 77.72, 78.23
03/08/16, 78.71, 80.75, 78.67, 80.31
03/07/16, 79.11, 79.27, 78.52, 78.69
03/04/16, 80.17, 80.50, 78.97, 79.11
03/03/16, 79.52, 80.73, 79.41, 80.19
03/02/16, 79.63, 80.61, 79.29, 79.51
03/01/16, 81.63, 81.75, 79.22, 79.65
02/29/16, 83.41, 83.43, 81.42, 81.45
02/26/16, 82.84, 83.49, 81.66, 83.41
02/25/16, 83.48, 84.49, 82.84, 82.85
02/24/16, 84.02, 85.42, 82.99, 83.48
02/23/16, 82.90, 84.22, 82.50, 84.02
02/22/16, 85.69, 86.57, 82.45, 82.89
02/19/16, 84.98, 86.62, 84.48, 85.69
02/18/16, 83.60, 85.02, 83.09, 84.91
02/17/16, 86.75, 87.43, 83.13, 83.59
02/16/16, 85.90, 87.47, 84.74, 86.76
02/15/16, 88.43, 88.43, 85.85, 85.91
02/12/16, 90.24, 90.73, 87.80, 88.43
02/11/16, 88.70, 91.47, 87.77, 90.23
02/10/16, 89.45, 90.05, 86.78, 88.51
02/09/16, 86.21, 90.34, 86.17, 89.44
02/08/16, 85.82, 88.55, 84.90, 86.20
02/05/16, 86.01, 86.91, 85.53, 85.82
02/04/16, 86.22, 86.33, 84.07, 86.03
02/03/16, 86.89, 87.75, 84.98, 86.22
02/02/16, 84.18, 87.11, 83.96, 86.88
02/01/16, 82.02, 84.36, 81.50, 84.17
01/29/16, 83.44, 84.20, 81.31, 82.02
01/28/16, 85.06, 85.20, 82.36, 83.41
01/27/16, 85.67, 86.40, 83.70, 85.01
01/26/16, 86.92, 89.37, 84.08, 85.67
01/25/16, 84.40, 86.99, 82.82, 86.93
01/22/16, 89.58, 89.87, 84.18, 84.40
01/21/16, 88.61, 93.67, 88.36, 89.58
01/20/16, 85.88, 90.12, 85.75, 88.62
01/19/16, 86.44, 87.75, 84.84, 85.88
01/18/16, 84.80, 86.57, 84.64, 86.43
01/15/16, 82.85, 85.56, 82.75, 84.80
01/14/16, 83.36, 83.98, 82.58, 82.84
01/13/16, 83.58, 83.60, 81.92, 83.36
01/12/16, 82.57, 83.94, 82.33, 83.57
01/11/16, 81.74, 83.52, 81.69, 82.58
01/08/16, 82.00, 82.13, 80.00, 81.74
01/07/16, 80.63, 82.44, 80.37, 81.99
01/06/16, 78.86, 81.05, 39.77, 80.63
01/05/16, 78.37, 79.38, 78.36, 78.86
01/04/16, 78.09, 80.46, 78.09, 78.38
01/01/16, 78.10, 78.18, 78.02, 78.09
12/31/15, 80.42, 81.26, 78.04, 78.09
12/30/15, 78.97, 80.45, 78.92, 80.43
12/29/15, 79.19, 80.02, 78.58, 78.92
12/28/15, 77.53, 79.53, 76.88, 79.17
12/25/15, 77.07, 434.89, 76.84, 77.53
12/24/15, 76.20, 77.60, 75.74, 77.08
12/23/15, 78.05, 78.07, 75.75, 76.19
12/22/15, 77.33, 78.25, 77.27, 78.07
12/21/15, 76.87, 77.98, 76.82, 77.32
12/18/15, 76.63, 77.86, 76.45, 76.87
12/17/15, 76.68, 77.13, 76.21, 76.63
12/16/15, 76.29, 77.48, 76.22, 76.67
12/15/15, 77.69, 78.54, 76.00, 76.28
12/14/15, 77.17, 78.44, 75.86, 77.69
12/11/15, 75.30, 77.57, 75.19, 77.17
12/10/15, 75.80, 76.60, 75.11, 75.30
12/09/15, 75.49, 76.31, 75.29, 75.80
12/08/15, 75.38, 76.19, 71.67, 75.48
12/07/15, 74.12, 75.62, 73.87, 75.39
12/04/15, 74.01, 74.69, 73.15, 74.12
12/03/15, 71.50, 74.47, 71.27, 73.99
12/02/15, 70.91, 71.67, 70.48, 71.51
12/01/15, 70.08, 71.06, 69.98, 70.91
11/30/15, 70.39, 70.72, 69.48, 70.10
11/27/15, 69.93, 70.53, 69.61, 70.39
11/26/15, 69.71, 70.06, 69.40, 69.94
11/25/15, 69.72, 70.09, 69.16, 69.70
11/24/15, 70.04, 70.78, 69.45, 69.71
11/23/15, 68.87, 70.42, 68.41, 70.05
11/20/15, 69.25, 69.60, 68.56, 68.87
11/19/15, 69.14, 69.61, 68.63, 69.26
11/18/15, 69.28, 69.70, 68.84, 69.14
11/17/15, 69.81, 70.17, 68.77, 69.29
11/16/15, 72.01, 72.01, 69.67, 69.81
11/13/15, 71.94, 72.30, 71.37, 72.01
11/12/15, 70.34, 72.36, 70.00, 71.94
11/11/15, 69.35, 70.41, 69.04, 70.36
11/10/15, 69.51, 69.58, 68.46, 69.36
11/09/15, 68.63, 69.91, 68.63, 69.52
11/06/15, 68.91, 69.61, 68.45, 68.63
11/05/15, 68.64, 69.14, 68.52, 68.96
11/04/15, 68.61, 68.97, 67.77, 68.64
11/03/15, 70.13, 70.62, 68.27, 68.62
11/02/15, 70.50, 71.00, 70.05, 70.12
10/30/15, 70.69, 71.12, 69.89, 70.50
10/29/15, 69.86, 70.84, 69.44, 70.68
10/28/15, 72.03, 72.41, 69.74, 69.86
10/27/15, 69.68, 72.03, 69.32, 72.03
10/26/15, 68.69, 69.70, 68.50, 69.69
10/23/15, 69.61, 70.11, 68.29, 68.69
10/22/15, 71.42, 72.42, 69.44, 69.62
10/21/15, 70.36, 71.70, 70.30, 71.39
10/20/15, 70.72, 71.43, 70.00, 70.36
10/19/15, 69.52, 70.73, 69.52, 70.71
10/16/15, 69.91, 70.47, 69.28, 69.52
10/15/15, 71.87, 72.28, 69.81, 69.89
10/14/15, 71.73, 72.27, 71.57, 71.86
10/13/15, 70.74, 71.98, 70.44, 71.74
10/12/15, 70.10, 71.07, 69.31, 70.75
10/09/15, 69.14, 70.28, 68.91, 70.10
10/08/15, 70.48, 70.78, 69.11, 69.14
10/07/15, 71.28, 71.66, 69.39, 70.48
10/06/15, 72.21, 73.20, 71.11, 71.28
10/05/15, 74.13, 75.89, 72.19, 72.20
10/02/15, 74.06, 75.38, 73.31, 74.13
10/01/15, 72.98, 74.06, 72.17, 74.06
09/30/15, 74.50, 74.57, 72.96, 72.99
09/29/15, 74.56, 74.91, 73.44, 74.51
09/28/15, 73.36, 74.82, 73.01, 74.56
09/25/15, 74.25, 74.28, 72.76, 73.36
09/24/15, 74.42, 75.18, 73.77, 74.26
09/23/15, 73.46, 74.77, 73.07, 74.42
09/22/15, 74.22, 74.45, 73.34, 73.49
09/21/15, 75.14, 75.92, 73.88, 74.21
09/18/15, 74.84, 76.55, 74.18, 75.14
09/17/15, 73.94, 76.57, 73.48, 74.85
09/16/15, 75.29, 75.41, 73.37, 73.93
09/15/15, 76.58, 77.31, 75.18, 75.29
09/14/15, 76.89, 77.31, 75.85, 76.57
09/11/15, 76.35, 77.17, 75.50, 76.89
09/10/15, 76.80, 77.37, 75.99, 76.34
09/09/15, 76.25, 76.82, 75.06, 76.81
09/08/15, 77.28, 77.83, 75.74, 76.40
09/07/15, 76.36, 77.39, 75.75, 77.29
09/04/15, 74.54, 76.41, 74.14, 76.36
09/03/15, 75.29, 75.63, 73.53, 74.55
09/02/15, 75.39, 76.50, 74.55, 75.17
09/01/15, 71.96, 75.71, 70.81, 75.39
08/31/15, 72.92, 75.70, 71.52, 71.97
08/28/15, 73.90, 76.14, 72.55, 72.92
08/27/15, 77.97, 78.34, 73.86, 73.90
08/26/15, 79.47, 80.43, 77.84, 77.98
08/25/15, 82.38, 82.61, 78.14, 79.48
08/24/15, 78.67, 82.54, 78.19, 82.37
08/21/15, 76.65, 78.84, 76.32, 78.67
08/20/15, 74.08, 76.68, 74.08, 76.64
08/19/15, 72.57, 74.14, 72.27, 74.09
08/18/15, 72.44, 73.06, 72.17, 72.58
08/17/15, 72.10, 72.99, 71.94, 72.44
08/14/15, 72.14, 72.58, 71.69, 72.10
08/13/15, 71.93, 72.35, 70.58, 72.15
08/12/15, 70.94, 72.48, 69.70, 71.92
08/11/15, 69.39, 71.31, 69.04, 70.93
08/10/15, 70.21, 71.26, 69.11, 69.40
08/07/15, 70.43, 71.95, 69.49, 70.21
08/06/15, 69.28, 70.54, 68.97, 70.44
08/05/15, 68.37, 69.80, 67.95, 69.27
08/04/15, 69.59, 70.70, 68.36, 68.38
08/03/15, 67.81, 69.66, 67.43, 69.60
07/31/15, 65.30, 67.92, 65.11, 67.81
07/30/15, 64.42, 65.50, 64.31, 65.30
07/29/15, 66.28, 66.74, 64.33, 64.42
07/28/15, 66.54, 67.24, 65.87, 66.27
07/27/15, 64.23, 66.53, 64.04, 66.52
07/24/15, 63.44, 64.42, 63.33, 64.23
07/23/15, 62.66, 63.79, 62.40, 63.43
07/22/15, 62.33, 63.17, 62.12, 62.66
07/21/15, 61.82, 62.42, 61.56, 62.33
07/20/15, 61.71, 62.42, 61.59, 61.82
07/17/15, 61.95, 62.11, 61.67, 61.71
07/16/15, 62.26, 62.45, 61.51, 61.95
07/15/15, 62.12, 62.67, 62.00, 62.26
07/14/15, 62.21, 62.94, 61.83, 62.13
07/13/15, 62.85, 63.63, 62.09, 62.20
07/10/15, 63.11, 63.52, 62.59, 62.85
07/09/15, 63.65, 63.85, 62.49, 63.12
07/08/15, 62.42, 63.80, 62.21, 63.65
07/07/15, 62.86, 63.31, 62.06, 62.42
07/06/15, 62.20, 62.93, 61.70, 62.84
07/03/15, 61.50, 62.23, 61.35, 62.20
07/02/15, 61.73, 61.99, 61.33, 61.50
07/01/15, 61.62, 62.16, 61.40, 61.74
06/30/15, 62.63, 62.67, 61.31, 61.63
06/29/15, 61.42, 62.73, 60.64, 62.64
06/26/15, 61.31, 61.93, 60.99, 61.42
06/25/15, 60.98, 61.69, 60.72, 61.30
06/24/15, 60.13, 61.22, 60.06, 60.98
06/23/15, 61.18, 61.35, 60.09, 60.12
06/22/15, 61.41, 61.76, 60.60, 61.19
06/19/15, 60.73, 61.75, 60.09, 61.41
06/18/15, 60.81, 61.19, 60.32, 60.74
06/17/15, 60.44, 61.22, 59.90, 60.81
06/16/15, 61.52, 62.24, 60.14, 60.44
06/15/15, 61.99, 62.40, 61.18, 61.53
06/12/15, 61.60, 62.31, 61.04, 61.99
06/11/15, 61.56, 61.88, 60.95, 61.60
06/10/15, 62.61, 62.78, 60.77, 61.57
06/09/15, 63.21, 63.47, 62.49, 62.60
06/08/15, 62.50, 63.52, 62.01, 63.21
06/05/15, 63.12, 63.94, 62.25, 62.50
06/04/15, 61.27, 63.69, 61.07, 63.12
06/03/15, 58.90, 61.28, 58.66, 61.26
06/02/15, 58.52, 59.42, 58.02, 58.90
06/01/15, 57.53, 58.59, 57.20, 58.52
05/29/15, 57.70, 58.25, 57.30, 57.53
05/28/15, 56.50, 57.81, 55.84, 57.70
05/27/15, 55.34, 56.73, 54.92, 56.53
05/26/15, 54.87, 55.53, 54.62, 55.34
05/25/15, 55.06, 55.46, 53.95, 54.88
05/22/15, 55.55, 56.00, 54.82, 55.06
05/21/15, 55.20, 55.87, 54.39, 55.49
05/20/15, 55.35, 55.81, 54.90, 55.31
05/19/15, 55.66, 55.98, 54.92, 55.36
05/18/15, 56.71, 56.73, 55.45, 55.66
05/15/15, 57.10, 57.20, 56.29, 56.71
05/14/15, 55.92, 58.02, 55.88, 57.11
05/13/15, 56.84, 57.19, 55.28, 55.92
05/12/15, 57.17, 57.60, 56.00, 56.85
05/11/15, 57.18, 57.75, 55.37, 57.17
05/08/15, 56.49, 57.60, 56.27, 57.22
05/07/15, 56.17, 57.92, 55.70, 56.49
05/06/15, 56.55, 57.95, 55.86, 56.24
05/05/15, 58.10, 58.10, 56.21, 56.54
05/04/15, 58.04, 58.49, 57.27, 58.10
05/01/15, 57.98, 58.52, 57.64, 58.04
04/30/15, 56.70, 58.21, 56.26, 57.97
04/29/15, 56.64, 57.34, 56.11, 56.69
04/28/15, 56.43, 57.29, 56.09, 56.58
04/27/15, 55.34, 56.62, 54.62, 56.42
04/24/15, 54.99, 57.06, 54.49, 55.34
04/23/15, 55.82, 56.41, 54.64, 55.00
04/22/15, 57.70, 58.09, 55.76, 55.83
04/21/15, 57.30, 57.84, 56.77, 57.68
04/20/15, 56.24, 57.82, 55.14, 57.31
04/17/15, 53.59, 56.91, 53.30, 56.24
04/16/15, 52.41, 54.28, 52.41, 53.59
04/15/15, 54.32, 54.69, 52.53, 52.84
04/14/15, 55.10, 55.61, 53.86, 54.32
04/13/15, 56.82, 57.28, 54.86, 55.09
04/10/15, 55.45, 56.92, 53.38, 56.82
04/09/15, 57.78, 57.91, 55.33, 55.43
04/08/15, 59.49, 59.72, 57.66, 57.83
04/07/15, 60.57, 61.04, 59.33, 59.48
04/06/15, 62.32, 62.78, 60.35, 60.54
04/03/15, 61.51, 62.60, 59.92, 62.32
04/02/15, 62.00, 62.38, 61.16, 61.47
04/01/15, 62.47, 63.11, 61.81, 62.01
03/31/15, 62.36, 62.74, 61.64, 62.48
03/30/15, 63.00, 63.62, 62.21, 62.36
03/27/15, 62.39, 63.16, 62.04, 63.00
03/26/15, 62.99, 63.25, 61.66, 62.40
03/25/15, 63.10, 64.00, 62.09, 63.00
03/24/15, 64.30, 64.50, 62.94, 63.11
03/23/15, 64.15, 64.63, 63.70, 64.29
03/20/15, 64.05, 65.12, 63.77, 64.15
03/19/15, 64.54, 65.52, 63.38, 63.99
03/18/15, 65.16, 65.21, 64.08, 64.52
03/17/15, 65.75, 65.92, 64.99, 65.16
03/16/15, 65.25, 66.32, 65.08, 65.74
03/13/15, 65.13, 65.56, 63.24, 65.25
03/12/15, 65.40, 65.68, 64.13, 65.23
03/11/15, 66.75, 67.29, 64.62, 65.51
03/10/15, 65.75, 67.24, 64.80, 66.57
03/09/15, 65.41, 66.48, 64.76, 65.76
03/06/15, 67.23, 67.40, 64.41, 65.41
03/05/15, 68.54, 68.70, 66.81, 67.25
03/04/15, 69.19, 69.49, 68.12, 68.56
03/03/15, 69.93, 70.17, 68.64, 69.20
03/02/15, 69.02, 70.22, 68.40, 69.94
02/27/15, 68.51, 69.74, 68.23, 69.02
02/26/15, 69.79, 70.18, 67.75, 68.51
02/25/15, 71.43, 72.20, 69.42, 69.79
02/24/15, 72.28, 72.67, 70.95, 71.42
02/23/15, 70.88, 73.24, 68.41, 72.29
02/20/15, 70.37, 72.18, 69.68, 70.88
02/19/15, 70.18, 71.24, 69.86, 70.40
02/18/15, 72.62, 72.77, 69.47, 70.19
02/17/15, 71.69, 73.04, 70.53, 72.63
02/16/15, 72.25, 72.87, 70.69, 71.70
02/13/15, 74.41, 75.31, 71.76, 72.25
02/12/15, 73.82, 76.36, 73.25, 74.58
02/11/15, 74.10, 75.63, 73.50, 73.83
02/10/15, 74.53, 76.37, 73.72, 74.10
02/09/15, 75.58, 77.18, 73.88, 74.55
02/06/15, 76.41, 77.15, 74.90, 75.58
02/05/15, 77.08, 78.28, 75.38, 76.41
02/04/15, 74.88, 78.33, 74.00, 77.09
02/03/15, 77.48, 77.88, 74.37, 74.87
02/02/15, 78.48, 79.88, 77.02, 77.49
01/30/15, 77.97, 81.81, 77.36, 78.48
01/29/15, 76.73, 78.56, 76.39, 78.00
01/28/15, 76.95, 77.39, 75.71, 76.59
01/27/15, 76.67, 77.47, 75.43, 76.94
01/26/15, 71.56, 78.09, 71.08, 76.68
01/23/15, 72.99, 74.39, 71.35, 71.56
01/22/15, 75.87, 76.09, 72.67, 72.99
01/21/15, 75.22, 76.78, 75.21, 75.88
01/20/15, 75.41, 76.18, 73.86, 75.32
01/19/15, 75.54, 75.95, 73.92, 75.41
01/16/15, 75.80, 76.16, 74.69, 75.54
01/15/15, 76.39, 77.68, 74.65, 75.80
01/14/15, 76.80, 78.88, 74.99, 76.41
01/13/15, 74.70, 78.84, 73.52, 76.79
01/12/15, 73.33, 75.13, 72.57, 74.70
01/09/15, 71.98, 73.36, 70.33, 73.33
01/08/15, 74.27, 74.50, 70.05, 71.20
01/07/15, 75.04, 76.84, 73.81, 74.46
01/06/15, 72.71, 76.42, 72.14, 75.12
01/05/15, 70.49, 73.03, 69.53, 72.70
01/02/15, 73.25, 74.52, 68.65, 70.49
01/01/15, 73.25, 73.31, 73.24, 73.25
12/31/14, 68.94, 75.02, 66.97, 73.25
12/30/14, 71.34, 72.99, 66.81, 68.93
12/29/14, 65.16, 71.85, 65.16, 71.34
12/26/14, 62.67, 66.71, 62.28, 65.16
12/25/14, 65.63, 65.96, 62.22, 62.67
12/24/14, 66.54, 67.87, 65.04, 65.63
12/23/14, 67.78, 69.72, 65.07, 66.54
12/22/14, 72.72, 72.72, 66.35, 67.78
12/19/14, 76.29, 79.23, 71.73, 72.72
12/18/14, 75.88, 78.56, 71.48, 76.29
12/17/14, 87.19, 90.37, 74.05, 77.15
12/16/14, 81.41, 98.70, 72.67, 87.17
12/15/14, 72.54, 82.58, 71.74, 81.59
12/12/14, 69.99, 73.08, 69.38, 72.54
12/11/14, 68.36, 70.24, 67.62, 70.00
12/10/14, 66.91, 68.37, 66.85, 68.36
12/09/14, 66.16, 67.47, 65.71, 66.91
12/08/14, 64.72, 66.44, 64.59, 66.16
12/05/14, 67.29, 67.41, 64.54, 64.72
12/04/14, 65.23, 67.79, 64.13, 67.27
12/03/14, 66.74, 67.89, 64.76, 65.23
12/02/14, 63.62, 67.33, 62.91, 66.74
12/01/14, 62.61, 67.20, 62.46, 63.62
11/28/14, 61.24, 62.94, 60.06, 62.61
11/27/14, 59.31, 61.46, 58.34, 61.24
11/26/14, 57.65, 59.33, 57.48, 59.31
11/25/14, 55.99, 57.85, 55.47, 57.65
11/24/14, 56.65, 56.67, 55.00, 55.99
11/21/14, 57.88, 58.03, 56.31, 56.65
11/20/14, 58.82, 58.85, 57.86, 57.88
11/19/14, 58.78, 59.14, 58.54, 58.82
11/18/14, 58.76, 58.91, 58.21, 58.78
11/17/14, 59.19, 59.50, 58.02, 58.76
11/14/14, 57.13, 59.51, 57.13, 59.19
11/13/14, 57.86, 58.12, 55.21, 57.13
11/12/14, 57.11, 58.37, 56.74, 57.86
11/11/14, 58.14, 58.39, 56.13, 57.11
11/10/14, 58.14, 58.14, 58.14, 58.14
11/07/14, 56.06, 60.23, 56.06, 58.14
11/06/14, 54.77, 56.35, 56.06, 56.06
11/05/14, 54.45, 56.33, 54.45, 54.77
11/04/14, 53.90, 54.48, 53.12, 54.45
11/03/14, 53.90, 53.90, 53.90, 53.90
10/31/14, 52.46, 56.11, 51.98, 53.90
10/30/14, 54.05, 56.11, 51.98, 52.46
10/29/14, 53.64, 54.17, 53.64, 54.05
10/28/14, 53.66, 53.76, 53.02, 53.64
10/27/14, 53.11, 53.76, 53.02, 53.66
10/24/14, 52.29, 53.11, 51.93, 53.11
10/23/14, 52.01, 52.40, 51.97, 52.29
10/22/14, 52.54, 52.68, 52.01, 52.01
10/21/14, 51.97, 52.58, 51.73, 52.54
10/20/14, 51.96, 51.97, 51.96, 51.97
10/17/14, 52.36, 52.53, 51.81, 51.96
10/16/14, 51.76, 52.53, 51.45, 52.36
10/15/14, 51.54, 51.83, 51.34, 51.76
10/14/14, 51.01, 51.64, 50.94, 51.54
10/13/14, 51.00, 51.01, 51.00, 51.01
10/10/14, 50.97, 51.05, 50.83, 51.00
10/09/14, 50.61, 51.07, 50.38, 50.97
10/08/14, 50.26, 50.62, 50.04, 50.61
10/07/14, 50.29, 50.33, 50.00, 50.26
10/06/14, 50.18, 50.29, 50.18, 50.29
10/03/14, 50.07, 50.27, 49.87, 50.18
10/02/14, 50.03, 50.17, 49.62, 50.07
10/01/14, 50.06, 50.16, 49.65, 50.03
09/30/14, 49.66, 50.21, 49.56, 50.06
09/29/14, 49.65, 49.66, 49.65, 49.66
09/26/14, 48.81, 49.65, 48.75, 49.65
09/25/14, 49.61, 49.62, 48.78, 48.81
09/24/14, 49.77, 49.81, 49.53, 49.61
09/23/14, 49.34, 49.81, 49.34, 49.77
09/22/14, 49.28, 49.34, 49.28, 49.34
09/19/14, 49.43, 49.73, 49.28, 49.28
09/18/14, 49.66, 49.94, 49.37, 49.43
09/17/14, 49.67, 50.29, 49.62, 49.66
09/16/14, 48.99, 49.71, 48.92, 49.67
09/15/14, 49.00, 49.00, 48.99, 48.99
09/12/14, 48.15, 49.11, 48.15, 49.00
09/11/14, 48.17, 48.42, 47.89, 48.15
09/10/14, 47.99, 48.42, 47.89, 48.17
09/09/14, 47.78, 48.06, 47.66, 47.99
09/08/14, 47.92, 48.10, 47.73, 47.78
09/05/14, 47.86, 47.92, 47.86, 47.92
09/04/14, 48.45, 48.45, 47.86, 47.86
09/03/14, 49.18, 49.18, 48.45, 48.45
09/02/14, 49.01, 49.18, 49.01, 49.18
09/01/14, 48.66, 49.01, 48.66, 49.01
08/29/14, 48.46, 48.66, 48.46, 48.66
08/28/14, 47.72, 48.46, 47.72, 48.46
08/27/14, 47.61, 47.72, 47.61, 47.72
08/26/14, 47.69, 47.69, 47.61, 47.61
08/25/14, 47.85, 47.85, 47.69, 47.69
08/22/14, 47.85, 47.85, 47.85, 47.85
08/21/14, 48.17, 48.17, 47.85, 47.85
08/20/14, 48.18, 48.18, 48.17, 48.17
08/19/14, 48.20, 48.20, 48.18, 48.18
08/18/14, 48.44, 48.44, 48.20, 48.20
08/15/14, 48.14, 48.44, 48.14, 48.44
08/14/14, 48.15, 48.15, 48.14, 48.14
08/13/14, 48.37, 48.37, 48.15, 48.15
08/12/14, 48.06, 48.37, 48.06, 48.37
08/11/14, 48.48, 48.48, 48.06, 48.06
08/08/14, 48.55, 48.55, 48.48, 48.48
08/07/14, 48.44, 48.55, 48.44, 48.55
08/06/14, 48.26, 48.44, 48.26, 48.44
08/05/14, 48.09, 48.26, 48.09, 48.26
08/04/14, 48.02, 48.09, 48.02, 48.09
08/01/14, 47.84, 48.02, 47.84, 48.02
07/31/14, 47.64, 47.84, 47.64, 47.84
07/30/14, 48.04, 48.04, 47.64, 47.64
07/29/14, 47.78, 48.04, 47.78, 48.04
07/28/14, 47.18, 47.78, 47.18, 47.78
07/25/14, 47.22, 47.22, 47.18, 47.18
07/24/14, 46.96, 47.22, 46.96, 47.22
07/23/14, 47.10, 47.10, 46.96, 46.96
07/22/14, 47.58, 47.58, 47.10, 47.10
07/21/14, 47.53, 47.58, 47.53, 47.58
07/18/14, 47.70, 47.70, 47.53, 47.53
07/17/14, 46.77, 47.70, 46.77, 47.70
07/16/14, 46.68, 46.77, 46.68, 46.77
07/15/14, 46.77, 46.77, 46.68, 46.68
07/14/14, 46.51, 46.77, 46.51, 46.77
07/11/14, 46.25, 46.51, 46.25, 46.51
07/10/14, 46.28, 46.28, 46.25, 46.25
07/09/14, 46.58, 46.58, 46.28, 46.28
07/08/14, 46.87, 46.87, 46.58, 46.58
07/07/14, 46.77, 46.87, 46.77, 46.87
07/04/14, 46.68, 46.77, 46.68, 46.77
07/03/14, 46.83, 46.83, 46.68, 46.68
07/02/14, 47.00, 47.00, 46.83, 46.83
07/01/14, 46.54, 47.00, 46.54, 47.00
06/30/14, 46.07, 46.54, 46.07, 46.54
06/27/14, 45.88, 46.07, 45.88, 46.07
06/26/14, 46.02, 46.02, 45.88, 45.88
06/25/14, 46.03, 46.03, 46.02, 46.02
06/24/14, 46.37, 46.37, 46.03, 46.03
06/23/14, 46.87, 46.87, 46.37, 46.37
06/20/14, 46.79, 46.87, 46.79, 46.87
06/19/14, 46.74, 46.79, 46.74, 46.79
06/18/14, 47.20, 47.20, 46.74, 46.74
06/17/14, 47.01, 47.20, 47.01, 47.20
06/16/14, 46.57, 47.01, 46.57, 47.01
06/13/14, 46.59, 46.59, 46.57, 46.57
06/12/14, 46.52, 46.59, 46.52, 46.59
06/11/14, 46.53, 46.53, 46.52, 46.52
06/10/14, 46.71, 46.71, 46.53, 46.53
06/09/14, 46.97, 46.97, 46.71, 46.71
06/06/14, 47.40, 47.40, 46.97, 46.97
06/05/14, 47.57, 47.57, 47.40, 47.40
06/04/14, 47.83, 47.83, 47.57, 47.57
06/03/14, 47.58, 47.83, 47.58, 47.83
06/02/14, 47.57, 47.58, 47.57, 47.58
05/30/14, 47.16, 47.57, 47.16, 47.57
05/29/14, 46.99, 47.16, 46.99, 47.16
05/28/14, 46.92, 46.99, 46.92, 46.99
05/27/14, 46.65, 46.92, 46.65, 46.92
05/26/14, 46.52, 46.65, 46.52, 46.65
05/23/14, 46.85, 46.85, 46.52, 46.52
05/22/14, 46.96, 46.96, 46.85, 46.85
05/21/14, 47.29, 47.29, 46.96, 46.96
05/20/14, 47.46, 47.46, 47.29, 47.29
05/19/14, 47.59, 47.59, 47.46, 47.46
05/16/14, 47.67, 47.67, 47.59, 47.59
05/15/14, 47.56, 47.67, 47.56, 47.67
05/14/14, 47.79, 47.79, 47.56, 47.56
05/13/14, 48.18, 48.18, 47.79, 47.79
05/12/14, 48.46, 48.46, 48.18, 48.18
05/09/14, 48.57, 48.57, 48.46, 48.46
05/08/14, 48.60, 48.60, 48.57, 48.57
05/07/14, 49.32, 49.32, 48.60, 48.60
05/06/14, 49.57, 49.57, 49.32, 49.32
05/05/14, 49.69, 49.69, 49.57, 49.57
05/02/14, 49.41, 49.69, 49.41, 49.69
05/01/14, 49.41, 49.41, 49.41, 49.41
04/30/14, 49.23, 49.41, 49.23, 49.41
04/29/14, 49.66, 49.66, 49.23, 49.23
04/28/14, 49.82, 49.82, 49.66, 49.66
04/25/14, 49.49, 49.82, 49.49, 49.82
04/24/14, 49.34, 49.49, 49.34, 49.49
04/23/14, 49.25, 49.34, 49.25, 49.34
04/22/14, 49.24, 49.25, 49.24, 49.25
04/21/14, 49.19, 49.24, 49.19, 49.24
04/18/14, 49.13, 49.19, 49.13, 49.19
04/17/14, 49.78, 49.78, 49.13, 49.13
04/16/14, 50.12, 50.12, 49.78, 49.78
04/15/14, 49.73, 50.12, 49.73, 50.12
04/14/14, 49.48, 49.73, 49.48, 49.73
04/11/14, 49.40, 49.48, 49.40, 49.48
04/10/14, 49.31, 49.40, 49.31, 49.40
04/09/14, 49.31, 49.31, 49.31, 49.31
04/08/14, 48.95, 49.31, 48.95, 49.31
04/07/14, 48.41, 48.95, 48.41, 48.95
04/04/14, 48.83, 48.83, 48.41, 48.41
04/03/14, 48.82, 48.83, 48.82, 48.83
04/02/14, 48.38, 48.82, 48.38, 48.82
04/01/14, 48.26, 48.38, 48.26, 48.38
03/31/14, 49.23, 49.23, 48.26, 48.26
03/28/14, 48.94, 49.23, 48.94, 49.23
03/27/14, 49.00, 49.00, 48.94, 48.94
03/26/14, 49.08, 49.08, 49.00, 49.00
03/25/14, 49.95, 49.95, 49.08, 49.08
03/24/14, 50.01, 50.01, 49.95, 49.95
03/21/14, 50.09, 50.09, 50.01, 50.01
03/20/14, 50.03, 50.09, 50.03, 50.09
03/19/14, 50.51, 50.51, 50.03, 50.03
03/18/14, 50.52, 50.52, 50.51, 50.51
03/17/14, 50.87, 50.87, 50.52, 50.52
03/14/14, 50.71, 50.87, 50.71, 50.87
03/13/14, 50.74, 50.74, 50.71, 50.71
03/12/14, 50.53, 50.74, 50.53, 50.74
03/11/14, 50.50, 50.53, 50.50, 50.53
03/10/14, 50.56, 50.56, 50.50, 50.50
03/07/14, 50.07, 50.56, 50.07, 50.56
03/06/14, 49.51, 50.07, 49.51, 50.07
03/05/14, 49.56, 49.56, 49.51, 49.51
03/04/14, 50.15, 50.15, 49.56, 49.56
03/03/14, 49.82, 50.15, 49.82, 50.15
02/28/14, 49.40, 49.82, 49.40, 49.82
02/27/14, 49.33, 49.40, 49.33, 49.40
02/26/14, 49.13, 49.33, 49.13, 49.33
02/25/14, 48.81, 49.13, 48.81, 49.13
02/24/14, 48.80, 48.81, 48.80, 48.81
02/21/14, 49.07, 49.07, 48.80, 48.80
02/20/14, 49.13, 49.13, 49.07, 49.07
02/19/14, 48.81, 49.13, 48.81, 49.13
02/18/14, 48.29, 48.81, 48.29, 48.81
02/17/14, 48.06, 48.29, 48.06, 48.29
02/14/14, 48.01, 48.06, 48.01, 48.06
02/13/14, 47.33, 48.01, 47.33, 48.01
02/12/14, 47.38, 47.38, 47.33, 47.33
02/11/14, 47.44, 47.44, 47.38, 47.38
02/10/14, 47.33, 47.44, 47.33, 47.44
02/07/14, 47.19, 47.33, 47.19, 47.33
02/06/14, 47.20, 47.20, 47.19, 47.19
02/05/14, 47.30, 47.30, 47.20, 47.20
02/04/14, 48.00, 48.00, 47.30, 47.30
02/03/14, 47.44, 48.00, 47.44, 48.00
01/31/14, 47.44, 47.44, 47.44, 47.44
01/30/14, 47.94, 47.94, 47.44, 47.44
01/29/14, 47.50, 47.94, 47.50, 47.94
01/28/14, 47.42, 47.50, 47.42, 47.50
01/27/14, 47.20, 47.42, 47.20, 47.42
01/24/14, 46.78, 47.20, 46.78, 47.20
01/23/14, 45.99, 46.78, 45.99, 46.78
01/22/14, 46.08, 46.08, 45.99, 45.99
01/21/14, 45.80, 46.08, 45.80, 46.08
01/20/14, 45.48, 45.80, 45.48, 45.80
01/17/14, 45.52, 45.52, 45.48, 45.48
01/16/14, 45.47, 45.52, 45.47, 45.52
01/15/14, 45.58, 45.58, 45.47, 45.47
01/14/14, 45.52, 45.58, 45.52, 45.58
01/13/14, 45.11, 45.52, 45.11, 45.52
01/10/14, 45.20, 45.20, 45.11, 45.11
01/09/14, 45.03, 45.20, 45.03, 45.20
01/08/14, 45.12, 45.12, 45.03, 45.03
01/07/14, 45.26, 45.26, 45.12, 45.12
01/06/14, 45.12, 45.26, 45.12, 45.26
01/03/14, 45.26, 45.26, 45.12, 45.12
01/02/14, 45.24, 45.26, 45.24, 45.26
01/01/14, 45.21, 45.24, 45.21, 45.24
12/31/13, 45.31, 45.31, 45.21, 45.21
12/30/13, 44.83, 45.31, 44.83, 45.31
12/27/13, 44.73, 44.83, 44.73, 44.83
12/26/13, 44.71, 44.73, 44.71, 44.73
12/25/13, 44.65, 44.71, 44.65, 44.71
12/24/13, 44.79, 44.79, 44.65, 44.65
12/23/13, 45.10, 45.10, 44.79, 44.79
12/20/13, 45.06, 45.10, 45.06, 45.10
12/19/13, 45.02, 45.06, 45.02, 45.06
12/18/13, 45.39, 45.39, 45.02, 45.02
12/17/13, 45.32, 45.39, 45.32, 45.39
12/16/13, 45.22, 45.32, 45.22, 45.32
12/13/13, 45.14, 45.22, 45.14, 45.22
12/12/13, 45.15, 45.15, 45.14, 45.14
12/11/13, 45.01, 45.15, 45.01, 45.15
12/10/13, 44.91, 45.01, 44.91, 45.01
12/09/13, 44.89, 44.91, 44.89, 44.91
12/06/13, 45.06, 45.06, 44.89, 44.89
12/05/13, 45.02, 45.06, 45.02, 45.06
12/04/13, 45.19, 45.19, 45.02, 45.02
12/03/13, 44.99, 45.19, 44.99, 45.19
12/02/13, 45.05, 45.05, 44.99, 44.99
11/29/13, 45.11, 45.11, 45.05, 45.05
11/28/13, 45.06, 45.11, 45.06, 45.11
11/27/13, 44.71, 45.06, 44.71, 45.06
11/26/13, 44.50, 44.71, 44.50, 44.71
11/25/13, 44.42, 44.50, 44.42, 44.50
11/22/13, 44.48, 44.48, 44.42, 44.42
11/21/13, 44.18, 44.48, 44.18, 44.48
11/20/13, 44.31, 44.31, 44.18, 44.18
11/19/13, 44.00, 44.31, 44.00, 44.31
11/18/13, 43.95, 44.00, 43.95, 44.00
11/15/13, 43.93, 43.95, 43.93, 43.95
11/14/13, 44.18, 44.18, 43.93, 43.93
11/13/13, 44.16, 44.18, 44.16, 44.18
11/12/13, 44.02, 44.16, 44.02, 44.16
11/11/13, 43.67, 44.02, 43.67, 44.02
11/08/13, 43.56, 43.67, 43.56, 43.67
11/07/13, 43.75, 43.75, 43.56, 43.56
11/06/13, 43.85, 43.85, 43.75, 43.75
11/05/13, 43.73, 43.85, 43.73, 43.85
11/04/13, 43.77, 43.77, 43.73, 43.73
11/01/13, 43.57, 43.77, 43.57, 43.77
10/31/13, 43.96, 43.96, 43.57, 43.57
10/30/13, 44.15, 44.15, 43.96, 43.96
10/29/13, 43.99, 44.15, 43.99, 44.15
10/28/13, 43.88, 43.99, 43.88, 43.99
10/25/13, 43.76, 43.88, 43.76, 43.88
10/24/13, 43.75, 43.76, 43.75, 43.76
10/23/13, 43.67, 43.75, 43.67, 43.75
10/22/13, 43.73, 43.73, 43.67, 43.67
10/21/13, 43.62, 43.73, 43.62, 43.73
10/18/13, 43.58, 43.62, 43.58, 43.62
10/17/13, 43.39, 43.58, 43.39, 43.58
10/16/13, 43.71, 43.71, 43.39, 43.39
10/15/13, 43.78, 43.78, 43.71, 43.71
10/14/13, 43.62, 43.78, 43.62, 43.78
10/11/13, 43.50, 43.62, 43.50, 43.62
10/10/13, 43.71, 43.71, 43.50, 43.50
10/09/13, 43.98, 43.98, 43.71, 43.71
10/08/13, 43.77, 43.98, 43.77, 43.98
10/07/13, 43.70, 43.77, 43.70, 43.77
10/04/13, 43.81, 43.81, 43.70, 43.70
10/03/13, 43.76, 43.81, 43.76, 43.81
10/02/13, 43.58, 43.76, 43.58, 43.76
10/01/13, 43.80, 43.80, 43.58, 43.58
09/30/13, 43.72, 43.80, 43.72, 43.80
09/27/13, 43.61, 43.72, 43.61, 43.72
09/26/13, 43.45, 43.61, 43.45, 43.61
09/25/13, 42.96, 43.45, 42.96, 43.45
09/24/13, 42.91, 42.96, 42.91, 42.96
09/23/13, 43.08, 43.08, 42.91, 42.91
09/20/13, 42.90, 43.08, 42.90, 43.08
09/19/13, 42.86, 42.90, 42.86, 42.90
09/18/13, 43.03, 43.03, 42.86, 42.86
09/17/13, 43.10, 43.10, 43.03, 43.03
09/16/13, 43.17, 43.17, 43.10, 43.10
09/13/13, 43.42, 43.42, 43.17, 43.17
09/12/13, 43.64, 43.64, 43.42, 43.42
09/11/13, 43.72, 43.72, 43.64, 43.64
09/10/13, 43.95, 43.95, 43.72, 43.72
09/09/13, 43.88, 43.95, 43.88, 43.95
09/06/13, 43.88, 43.88, 43.88, 43.88
09/05/13, 44.00, 44.00, 43.88, 43.88
09/04/13, 44.12, 44.12, 44.00, 44.00
09/03/13, 44.05, 44.12, 44.05, 44.12
09/02/13, 44.03, 44.05, 44.03, 44.05
08/30/13, 44.02, 44.03, 44.02, 44.03
08/29/13, 44.30, 44.30, 44.02, 44.02
08/28/13, 44.41, 44.41, 44.30, 44.30
08/27/13, 44.23, 44.41, 44.23, 44.41
08/26/13, 44.20, 44.23, 44.20, 44.23
08/23/13, 44.14, 44.20, 44.14, 44.20
08/22/13, 44.29, 44.29, 44.14, 44.14
08/21/13, 44.21, 44.29, 44.21, 44.29
08/20/13, 43.98, 44.21, 43.98, 44.21
08/19/13, 43.92, 43.98, 43.92, 43.98
08/16/13, 43.91, 43.92, 43.91, 43.92
08/15/13, 43.86, 43.91, 43.86, 43.91
08/14/13, 43.86, 43.86, 43.86, 43.86
08/13/13, 43.92, 43.92, 43.86, 43.86
08/12/13, 43.86, 43.92, 43.86, 43.92
08/09/13, 43.94, 43.94, 43.86, 43.86
08/08/13, 43.94, 43.94, 43.94, 43.94
08/07/13, 43.90, 43.94, 43.90, 43.94
08/06/13, 43.61, 43.90, 43.61, 43.90
08/05/13, 43.60, 43.61, 43.60, 43.61
08/02/13, 43.73, 43.73, 43.60, 43.60
08/01/13, 43.86, 43.86, 43.73, 43.73
07/31/13, 43.73, 43.86, 43.73, 43.86
07/30/13, 43.57, 43.73, 43.57, 43.73
07/29/13, 43.56, 43.57, 43.56, 43.57
07/26/13, 43.36, 43.56, 43.36, 43.56
07/25/13, 42.89, 43.36, 42.89, 43.36
07/24/13, 42.70, 42.89, 42.70, 42.89
07/23/13, 42.66, 42.70, 42.66, 42.70
07/22/13, 42.54, 42.66, 42.54, 42.66
07/19/13, 42.56, 42.56, 42.54, 42.54
07/18/13, 42.43, 42.56, 42.43, 42.56
07/17/13, 42.66, 42.66, 42.43, 42.43
07/16/13, 42.56, 42.66, 42.56, 42.66
07/15/13, 42.65, 42.65, 42.56, 42.56
07/12/13, 42.60, 42.65, 42.60, 42.65
07/11/13, 42.77, 42.77, 42.60, 42.60
07/10/13, 42.17, 42.77, 42.17, 42.77
07/09/13, 42.74, 42.74, 42.17, 42.17
07/08/13, 42.78, 42.78, 42.74, 42.74
07/05/13, 42.83, 42.83, 42.78, 42.78
07/04/13, 43.14, 43.14, 42.83, 42.83
07/03/13, 43.07, 43.14, 43.07, 43.14
07/02/13, 43.08, 43.08, 43.07, 43.07
07/01/13, 42.70, 43.08, 42.70, 43.08
06/28/13, 42.81, 42.81, 42.70, 42.70
06/27/13, 42.87, 42.87, 42.81, 42.81
06/26/13, 42.94, 42.94, 42.87, 42.87
06/25/13, 43.05, 43.05, 42.94, 42.94
06/24/13, 43.01, 43.05, 43.01, 43.05
06/21/13, 43.58, 43.58, 43.01, 43.01
06/20/13, 43.06, 43.58, 43.06, 43.58
06/19/13, 42.87, 43.06, 42.87, 43.06
06/18/13, 42.46, 42.87, 42.46, 42.87
06/17/13, 42.36, 42.46, 42.36, 42.46
06/14/13, 42.76, 42.76, 42.36, 42.36
06/13/13, 42.87, 42.87, 42.76, 42.76
06/12/13, 43.15, 43.15, 42.87, 42.87
06/11/13, 42.81, 43.15, 42.81, 43.15
06/10/13, 42.54, 42.81, 42.54, 42.81
06/07/13, 42.56, 42.56, 42.54, 42.54
06/06/13, 42.13, 42.56, 42.13, 42.56
06/05/13, 41.76, 42.13, 41.76, 42.13
06/04/13, 41.58, 41.76, 41.58, 41.76
06/03/13, 41.49, 41.58, 41.49, 41.58
05/31/13, 41.39, 41.49, 41.39, 41.49
05/30/13, 40.94, 41.39, 40.94, 41.39
05/29/13, 40.51, 40.94, 40.51, 40.94
05/28/13, 40.55, 40.55, 40.51, 40.51
05/27/13, 40.52, 40.55, 40.52, 40.55
05/24/13, 40.69, 40.69, 40.52, 40.52
05/23/13, 40.39, 40.69, 40.39, 40.69
05/22/13, 40.29, 40.39, 40.29, 40.39
05/21/13, 40.24, 40.29, 40.24, 40.29
05/20/13, 40.37, 40.37, 40.24, 40.24
05/17/13, 40.42, 40.42, 40.37, 40.37
05/16/13, 40.54, 40.54, 40.42, 40.42
05/15/13, 40.52, 40.54, 40.52, 40.54
05/14/13, 40.66, 40.66, 40.52, 40.52
05/13/13, 40.83, 40.83, 40.66, 40.66
05/10/13, 40.65, 40.83, 40.65, 40.83
05/09/13, 40.97, 40.97, 40.65, 40.65
05/08/13, 40.63, 40.97, 40.63, 40.97
05/07/13, 40.57, 40.63, 40.57, 40.63
05/06/13, 40.75, 40.75, 40.57, 40.57
05/03/13, 40.72, 40.75, 40.72, 40.75
05/02/13, 41.32, 41.32, 40.72, 40.72
05/01/13, 40.98, 41.32, 40.98, 41.32
04/30/13, 40.54, 40.98, 40.54, 40.98
04/29/13, 40.75, 40.75, 40.54, 40.54
04/26/13, 40.53, 40.75, 40.53, 40.75
04/25/13, 40.97, 40.97, 40.53, 40.53
04/24/13, 41.12, 41.12, 40.97, 40.97
04/23/13, 41.24, 41.24, 41.12, 41.12
04/22/13, 41.33, 41.33, 41.24, 41.24
04/19/13, 41.21, 41.33, 41.21, 41.33
04/18/13, 41.56, 41.56, 41.21, 41.21
04/17/13, 41.17, 41.56, 41.17, 41.56
04/16/13, 41.09, 41.17, 41.09, 41.17
04/15/13, 40.73, 41.09, 40.73, 41.09
04/12/13, 40.44, 40.73, 40.44, 40.73
04/11/13, 40.38, 40.44, 40.38, 40.44
04/10/13, 40.59, 40.59, 40.38, 40.38
04/09/13, 40.61, 40.61, 40.59, 40.59
04/08/13, 40.99, 40.99, 40.61, 40.61
04/05/13, 40.88, 40.99, 40.88, 40.99
04/04/13, 40.68, 40.88, 40.68, 40.88
04/03/13, 40.15, 40.68, 40.15, 40.68
04/02/13, 39.94, 40.15, 39.94, 40.15
04/01/13, 39.83, 39.94, 39.83, 39.94
03/29/13, 39.87, 39.87, 39.83, 39.83
03/28/13, 39.66, 39.87, 39.66, 39.87
03/27/13, 39.71, 39.71, 39.66, 39.66
03/26/13, 39.76, 39.76, 39.71, 39.71
03/25/13, 40.07, 40.07, 39.76, 39.76
03/22/13, 39.91, 40.07, 39.91, 40.07
03/21/13, 39.93, 39.93, 39.91, 39.91
03/20/13, 39.93, 39.93, 39.93, 39.93
03/19/13, 39.91, 39.93, 39.91, 39.93
03/18/13, 40.04, 40.04, 39.91, 39.91
03/15/13, 39.96, 40.04, 39.96, 40.04
03/14/13, 39.92, 39.96, 39.92, 39.96
03/13/13, 40.00, 40.00, 39.92, 39.92
03/12/13, 40.05, 40.05, 40.00, 40.00
03/11/13, 40.02, 40.05, 40.02, 40.05
03/08/13, 40.25, 40.25, 40.02, 40.02
03/07/13, 39.89, 40.25, 39.89, 40.25
03/06/13, 39.96, 39.96, 39.89, 39.89
03/05/13, 40.07, 40.07, 39.96, 39.96
03/04/13, 39.89, 40.07, 39.89, 40.07
03/01/13, 39.99, 39.99, 39.89, 39.89
02/28/13, 40.06, 40.06, 39.99, 39.99
02/27/13, 39.97, 40.06, 39.97, 40.06
02/26/13, 40.04, 40.04, 39.97, 39.97
02/25/13, 40.09, 40.09, 40.04, 40.04
02/22/13, 40.18, 40.18, 40.09, 40.09
02/21/13, 40.16, 40.18, 40.16, 40.18
02/20/13, 40.28, 40.28, 40.16, 40.16
02/19/13, 40.22, 40.28, 40.22, 40.28
02/18/13, 40.25, 40.25, 40.22, 40.22
02/15/13, 40.24, 40.25, 40.24, 40.25
02/14/13, 40.42, 40.42, 40.24, 40.24
02/13/13, 40.41, 40.42, 40.41, 40.42
02/12/13, 40.46, 40.46, 40.41, 40.41
02/11/13, 40.35, 40.46, 40.35, 40.46
02/08/13, 40.51, 40.51, 40.35, 40.35
02/07/13, 40.69, 40.69, 40.51, 40.51
02/06/13, 40.71, 40.71, 40.69, 40.69
02/05/13, 40.64, 40.71, 40.64, 40.71
02/04/13, 40.76, 40.76, 40.64, 40.64
02/01/13, 40.77, 40.77, 40.76, 40.76
01/31/13, 40.76, 40.77, 40.76, 40.77
01/30/13, 40.53, 40.76, 40.53, 40.76
01/29/13, 40.60, 40.60, 40.53, 40.53
01/28/13, 40.44, 40.60, 40.44, 40.60
01/25/13, 40.22, 40.44, 40.22, 40.44
01/24/13, 40.17, 40.22, 40.17, 40.22
01/23/13, 40.29, 40.29, 40.17, 40.17
01/22/13, 40.26, 40.29, 40.26, 40.29
01/21/13, 40.36, 40.36, 40.26, 40.26
01/18/13, 40.37, 40.37, 40.36, 40.36
01/17/13, 40.43, 40.43, 40.37, 40.37
01/16/13, 40.43, 40.43, 40.43, 40.43
01/15/13, 40.44, 40.44, 40.43, 40.43
01/14/13, 40.45, 40.45, 40.44, 40.44
01/11/13, 40.02, 40.45, 40.02, 40.45
01/10/13, 39.63, 40.02, 39.63, 40.02
01/09/13, 39.64, 39.64, 39.63, 39.63
01/08/13, 39.81, 39.81, 39.64, 39.64
01/07/13, 39.63, 39.81, 39.63, 39.81
01/04/13, 39.51, 39.63, 39.51, 39.63
01/03/13, 39.78, 39.78, 39.51, 39.51
01/02/13, 40.34, 40.34, 39.78, 39.78
01/01/13, 40.32, 40.34, 40.32, 40.34
12/31/12, 40.18, 40.32, 40.18, 40.32
12/28/12, 40.16, 40.18, 40.16, 40.18
12/27/12, 40.42, 40.42, 40.16, 40.16
12/26/12, 40.47, 40.47, 40.42, 40.42
12/25/12, 40.39, 40.47, 40.39, 40.47
12/24/12, 40.66, 40.66, 40.39, 40.39
12/21/12, 40.66, 40.66, 40.66, 40.66
12/20/12, 40.69, 40.69, 40.66, 40.66
12/19/12, 40.66, 40.69, 40.66, 40.69
12/18/12, 40.79, 40.79, 40.66, 40.66
12/17/12, 40.37, 40.79, 40.37, 40.79
12/14/12, 40.20, 40.37, 40.20, 40.37
12/13/12, 39.94, 40.20, 39.94, 40.20
12/12/12, 39.93, 39.94, 39.93, 39.94
12/11/12, 39.85, 39.93, 39.85, 39.93
12/10/12, 39.80, 39.85, 39.80, 39.85
12/07/12, 40.14, 40.14, 39.80, 39.80
12/06/12, 40.25, 40.25, 40.14, 40.14
12/05/12, 40.39, 40.39, 40.25, 40.25
12/04/12, 40.33, 40.39, 40.33, 40.39
12/03/12, 40.10, 40.33, 40.10, 40.33
11/30/12, 40.07, 40.10, 40.07, 40.10
11/29/12, 40.26, 40.26, 40.07, 40.07
11/28/12, 40.20, 40.26, 40.20, 40.26
11/27/12, 40.16, 40.20, 40.16, 40.20
11/26/12, 40.28, 40.28, 40.16, 40.16
11/23/12, 40.11, 40.28, 40.11, 40.28
11/22/12, 40.12, 40.12, 40.11, 40.11
11/21/12, 40.13, 40.13, 40.12, 40.12
11/20/12, 40.28, 40.28, 40.13, 40.13
11/19/12, 40.38, 40.38, 40.28, 40.28
11/16/12, 40.48, 40.48, 40.38, 40.38
11/15/12, 40.38, 40.48, 40.38, 40.48
11/14/12, 40.36, 40.38, 40.36, 40.38
11/13/12, 40.25, 40.36, 40.25, 40.36
11/12/12, 40.12, 40.25, 40.12, 40.25
11/09/12, 40.14, 40.14, 40.12, 40.12
11/08/12, 40.33, 40.33, 40.14, 40.14
11/07/12, 40.21, 40.33, 40.21, 40.33
11/06/12, 40.42, 40.42, 40.21, 40.21
11/05/12, 40.41, 40.42, 40.41, 40.42
11/02/12, 40.50, 40.50, 40.41, 40.41
11/01/12, 40.63, 40.63, 40.50, 40.50
10/31/12, 40.66, 40.66, 40.63, 40.63
10/30/12, 40.65, 40.66, 40.65, 40.66
10/29/12, 40.60, 40.65, 40.60, 40.65
10/26/12, 40.54, 40.60, 40.54, 40.60
10/25/12, 40.73, 40.73, 40.54, 40.54
10/24/12, 40.83, 40.83, 40.73, 40.73
10/23/12, 40.62, 40.83, 40.62, 40.83
10/22/12, 40.22, 40.62, 40.22, 40.62
10/19/12, 40.24, 40.24, 40.22, 40.22
10/18/12, 40.34, 40.34, 40.24, 40.24
10/17/12, 40.22, 40.34, 40.22, 40.34
10/16/12, 40.16, 40.22, 40.16, 40.22
10/15/12, 40.34, 40.34, 40.16, 40.16
10/12/12, 40.13, 40.34, 40.13, 40.34
10/11/12, 40.07, 40.13, 40.07, 40.13
10/10/12, 40.20, 40.20, 40.07, 40.07
10/09/12, 40.43, 40.43, 40.20, 40.20
10/08/12, 40.42, 40.43, 40.42, 40.43
10/05/12, 40.29, 40.42, 40.29, 40.42
10/04/12, 40.19, 40.29, 40.19, 40.29
10/03/12, 40.20, 40.20, 40.19, 40.19
10/02/12, 40.25, 40.25, 40.20, 40.20
10/01/12, 40.14, 40.25, 40.14, 40.25
09/28/12, 40.03, 40.14, 40.03, 40.14
09/27/12, 40.31, 40.31, 40.03, 40.03
09/26/12, 40.31, 40.31, 40.31, 40.31
09/25/12, 40.27, 40.31, 40.27, 40.31
09/24/12, 40.27, 40.27, 40.27, 40.27
09/21/12, 40.53, 40.53, 40.27, 40.27
09/20/12, 40.73, 40.73, 40.53, 40.53
09/19/12, 40.35, 40.73, 40.35, 40.73
09/18/12, 40.22, 40.35, 40.22, 40.35
09/17/12, 40.04, 40.22, 40.04, 40.22
09/14/12, 40.34, 40.34, 40.04, 40.04
09/13/12, 40.59, 40.59, 40.34, 40.34
09/12/12, 40.51, 40.59, 40.51, 40.59
09/11/12, 40.50, 40.51, 40.50, 40.51
09/10/12, 40.53, 40.53, 40.50, 40.50
09/07/12, 40.37, 40.53, 40.37, 40.53
09/06/12, 40.68, 40.68, 40.37, 40.37
09/05/12, 40.59, 40.68, 40.59, 40.68
09/04/12, 40.61, 40.61, 40.59, 40.59
09/03/12, 40.63, 40.63, 40.61, 40.61
08/31/12, 40.73, 40.73, 40.63, 40.63
08/30/12, 40.38, 40.73, 40.38, 40.73
08/29/12, 40.20, 40.38, 40.20, 40.38
08/28/12, 39.88, 40.20, 39.88, 40.20
08/27/12, 39.78, 39.88, 39.78, 39.88
08/24/12, 39.93, 39.93, 39.78, 39.78
08/23/12, 39.84, 39.93, 39.84, 39.93
08/22/12, 39.66, 39.84, 39.66, 39.84
08/21/12, 39.56, 39.66, 39.56, 39.66
08/20/12, 39.52, 39.56, 39.52, 39.56
08/17/12, 39.39, 39.52, 39.39, 39.52
08/16/12, 39.16, 39.39, 39.16, 39.39
08/15/12, 39.25, 39.25, 39.16, 39.16
08/14/12, 39.30, 39.30, 39.25, 39.25
08/13/12, 39.10, 39.30, 39.10, 39.30
08/10/12, 39.02, 39.10, 39.02, 39.10
08/09/12, 38.99, 39.02, 38.99, 39.02
08/08/12, 39.14, 39.14, 38.99, 38.99
08/07/12, 39.16, 39.16, 39.14, 39.14
08/06/12, 39.69, 39.69, 39.16, 39.16
08/03/12, 39.78, 39.78, 39.69, 39.69
08/02/12, 39.76, 39.78, 39.76, 39.78
08/01/12, 39.63, 39.76, 39.63, 39.76
07/31/12, 39.48, 39.63, 39.48, 39.63
07/30/12, 39.46, 39.48, 39.46, 39.48
07/27/12, 39.72, 39.72, 39.46, 39.46
07/26/12, 39.78, 39.78, 39.72, 39.72
07/25/12, 39.80, 39.80, 39.78, 39.78
07/24/12, 39.60, 39.80, 39.60, 39.80
07/23/12, 39.00, 39.60, 39.00, 39.60